[0.056s] DEBUG:colcon:Command line arguments: ['/usr/bin/colcon', 'build', '--symlink-install']
[0.056s] DEBUG:colcon:Parsed command line arguments: Namespace(log_base=None, log_level=None, verb_name='build', build_base='build', install_base='install', merge_install=False, symlink_install=True, test_result_base=None, continue_on_error=False, executor='parallel', parallel_workers=24, event_handlers=None, ignore_user_meta=False, metas=['./colcon.meta'], base_paths=['.'], packages_ignore=None, packages_ignore_regex=None, paths=None, packages_up_to=None, packages_up_to_regex=None, packages_above=None, packages_above_and_dependencies=None, packages_above_depth=None, packages_select_by_dep=None, packages_skip_by_dep=None, packages_skip_up_to=None, packages_select_build_failed=False, packages_skip_build_finished=False, packages_select_test_failures=False, packages_skip_test_passed=False, packages_select=None, packages_skip=None, packages_select_regex=None, packages_skip_regex=None, packages_start=None, packages_end=None, allow_overriding=[], cmake_args=None, cmake_target=None, cmake_target_skip_unavailable=False, cmake_clean_cache=False, cmake_clean_first=False, cmake_force_configure=False, ament_cmake_args=None, catkin_cmake_args=None, catkin_skip_building_tests=False, mixin_files=None, mixin=None, verb_parser=<colcon_mixin.mixin.mixin_argument.MixinArgumentDecorator object at 0x7b2724c63b20>, verb_extension=<colcon_core.verb.build.BuildVerb object at 0x7b2724dad180>, main=<bound method BuildVerb.main of <colcon_core.verb.build.BuildVerb object at 0x7b2724dad180>>, mixin_verb=('build',))
[0.134s] Level 1:colcon.colcon_core.package_discovery:discover_packages(colcon_meta) check parameters
[0.134s] Level 1:colcon.colcon_core.package_discovery:discover_packages(recursive) check parameters
[0.134s] Level 1:colcon.colcon_core.package_discovery:discover_packages(ignore) check parameters
[0.134s] Level 1:colcon.colcon_core.package_discovery:discover_packages(path) check parameters
[0.134s] Level 1:colcon.colcon_core.package_discovery:discover_packages(colcon_meta) discover
[0.134s] Level 1:colcon.colcon_core.package_discovery:discover_packages(recursive) discover
[0.134s] INFO:colcon.colcon_core.package_discovery:Crawling recursively for packages in '/home/sriramk/unitree_ws'
[0.134s] Level 1:colcon.colcon_core.package_identification:_identify(.) by extensions ['ignore', 'ignore_ament_install']
[0.134s] Level 1:colcon.colcon_core.package_identification:_identify(.) by extension 'ignore'
[0.134s] Level 1:colcon.colcon_core.package_identification:_identify(.) by extension 'ignore_ament_install'
[0.134s] Level 1:colcon.colcon_core.package_identification:_identify(.) by extensions ['colcon_pkg']
[0.134s] Level 1:colcon.colcon_core.package_identification:_identify(.) by extension 'colcon_pkg'
[0.134s] Level 1:colcon.colcon_core.package_identification:_identify(.) by extensions ['colcon_meta']
[0.134s] Level 1:colcon.colcon_core.package_identification:_identify(.) by extension 'colcon_meta'
[0.134s] Level 1:colcon.colcon_core.package_identification:_identify(.) by extensions ['ros']
[0.134s] Level 1:colcon.colcon_core.package_identification:_identify(.) by extension 'ros'
[0.140s] Level 1:colcon.colcon_core.package_identification:_identify(.) by extensions ['cmake', 'python']
[0.140s] Level 1:colcon.colcon_core.package_identification:_identify(.) by extension 'cmake'
[0.140s] Level 1:colcon.colcon_core.package_identification:_identify(.) by extension 'python'
[0.140s] Level 1:colcon.colcon_core.package_identification:_identify(.) by extensions ['python_setup_py']
[0.140s] Level 1:colcon.colcon_core.package_identification:_identify(.) by extension 'python_setup_py'
[0.140s] Level 1:colcon.colcon_core.package_identification:_identify(build) by extensions ['ignore', 'ignore_ament_install']
[0.140s] Level 1:colcon.colcon_core.package_identification:_identify(build) by extension 'ignore'
[0.140s] Level 1:colcon.colcon_core.package_identification:_identify(build) ignored
[0.140s] Level 1:colcon.colcon_core.package_identification:_identify(install) by extensions ['ignore', 'ignore_ament_install']
[0.140s] Level 1:colcon.colcon_core.package_identification:_identify(install) by extension 'ignore'
[0.140s] Level 1:colcon.colcon_core.package_identification:_identify(install) ignored
[0.140s] Level 1:colcon.colcon_core.package_identification:_identify(log) by extensions ['ignore', 'ignore_ament_install']
[0.140s] Level 1:colcon.colcon_core.package_identification:_identify(log) by extension 'ignore'
[0.140s] Level 1:colcon.colcon_core.package_identification:_identify(log) ignored
[0.140s] Level 1:colcon.colcon_core.package_identification:_identify(src) by extensions ['ignore', 'ignore_ament_install']
[0.140s] Level 1:colcon.colcon_core.package_identification:_identify(src) by extension 'ignore'
[0.140s] Level 1:colcon.colcon_core.package_identification:_identify(src) by extension 'ignore_ament_install'
[0.140s] Level 1:colcon.colcon_core.package_identification:_identify(src) by extensions ['colcon_pkg']
[0.140s] Level 1:colcon.colcon_core.package_identification:_identify(src) by extension 'colcon_pkg'
[0.140s] Level 1:colcon.colcon_core.package_identification:_identify(src) by extensions ['colcon_meta']
[0.140s] Level 1:colcon.colcon_core.package_identification:_identify(src) by extension 'colcon_meta'
[0.140s] Level 1:colcon.colcon_core.package_identification:_identify(src) by extensions ['ros']
[0.140s] Level 1:colcon.colcon_core.package_identification:_identify(src) by extension 'ros'
[0.140s] Level 1:colcon.colcon_core.package_identification:_identify(src) by extensions ['cmake', 'python']
[0.140s] Level 1:colcon.colcon_core.package_identification:_identify(src) by extension 'cmake'
[0.140s] Level 1:colcon.colcon_core.package_identification:_identify(src) by extension 'python'
[0.140s] Level 1:colcon.colcon_core.package_identification:_identify(src) by extensions ['python_setup_py']
[0.140s] Level 1:colcon.colcon_core.package_identification:_identify(src) by extension 'python_setup_py'
[0.140s] Level 1:colcon.colcon_core.package_identification:_identify(src/go1_tools_high) by extensions ['ignore', 'ignore_ament_install']
[0.140s] Level 1:colcon.colcon_core.package_identification:_identify(src/go1_tools_high) by extension 'ignore'
[0.140s] Level 1:colcon.colcon_core.package_identification:_identify(src/go1_tools_high) by extension 'ignore_ament_install'
[0.140s] Level 1:colcon.colcon_core.package_identification:_identify(src/go1_tools_high) by extensions ['colcon_pkg']
[0.140s] Level 1:colcon.colcon_core.package_identification:_identify(src/go1_tools_high) by extension 'colcon_pkg'
[0.140s] Level 1:colcon.colcon_core.package_identification:_identify(src/go1_tools_high) by extensions ['colcon_meta']
[0.140s] Level 1:colcon.colcon_core.package_identification:_identify(src/go1_tools_high) by extension 'colcon_meta'
[0.140s] Level 1:colcon.colcon_core.package_identification:_identify(src/go1_tools_high) by extensions ['ros']
[0.140s] Level 1:colcon.colcon_core.package_identification:_identify(src/go1_tools_high) by extension 'ros'
[0.142s] DEBUG:colcon.colcon_core.package_identification:Package 'src/go1_tools_high' with type 'ros.ament_cmake' and name 'go1_tools_high'
[0.142s] Level 1:colcon.colcon_core.package_identification:_identify(src/go1_tools_low) by extensions ['ignore', 'ignore_ament_install']
[0.142s] Level 1:colcon.colcon_core.package_identification:_identify(src/go1_tools_low) by extension 'ignore'
[0.142s] Level 1:colcon.colcon_core.package_identification:_identify(src/go1_tools_low) by extension 'ignore_ament_install'
[0.142s] Level 1:colcon.colcon_core.package_identification:_identify(src/go1_tools_low) by extensions ['colcon_pkg']
[0.142s] Level 1:colcon.colcon_core.package_identification:_identify(src/go1_tools_low) by extension 'colcon_pkg'
[0.142s] Level 1:colcon.colcon_core.package_identification:_identify(src/go1_tools_low) by extensions ['colcon_meta']
[0.142s] Level 1:colcon.colcon_core.package_identification:_identify(src/go1_tools_low) by extension 'colcon_meta'
[0.142s] Level 1:colcon.colcon_core.package_identification:_identify(src/go1_tools_low) by extensions ['ros']
[0.142s] Level 1:colcon.colcon_core.package_identification:_identify(src/go1_tools_low) by extension 'ros'
[0.142s] DEBUG:colcon.colcon_core.package_identification:Package 'src/go1_tools_low' with type 'ros.ament_cmake' and name 'go1_tools_low'
[0.142s] Level 1:colcon.colcon_core.package_identification:_identify(src/unitree_ros2) by extensions ['ignore', 'ignore_ament_install']
[0.142s] Level 1:colcon.colcon_core.package_identification:_identify(src/unitree_ros2) by extension 'ignore'
[0.143s] Level 1:colcon.colcon_core.package_identification:_identify(src/unitree_ros2) by extension 'ignore_ament_install'
[0.143s] Level 1:colcon.colcon_core.package_identification:_identify(src/unitree_ros2) by extensions ['colcon_pkg']
[0.143s] Level 1:colcon.colcon_core.package_identification:_identify(src/unitree_ros2) by extension 'colcon_pkg'
[0.143s] Level 1:colcon.colcon_core.package_identification:_identify(src/unitree_ros2) by extensions ['colcon_meta']
[0.143s] Level 1:colcon.colcon_core.package_identification:_identify(src/unitree_ros2) by extension 'colcon_meta'
[0.143s] Level 1:colcon.colcon_core.package_identification:_identify(src/unitree_ros2) by extensions ['ros']
[0.143s] Level 1:colcon.colcon_core.package_identification:_identify(src/unitree_ros2) by extension 'ros'
[0.143s] Level 1:colcon.colcon_core.package_identification:_identify(src/unitree_ros2) by extensions ['cmake', 'python']
[0.143s] Level 1:colcon.colcon_core.package_identification:_identify(src/unitree_ros2) by extension 'cmake'
[0.143s] Level 1:colcon.colcon_core.package_identification:_identify(src/unitree_ros2) by extension 'python'
[0.143s] Level 1:colcon.colcon_core.package_identification:_identify(src/unitree_ros2) by extensions ['python_setup_py']
[0.143s] Level 1:colcon.colcon_core.package_identification:_identify(src/unitree_ros2) by extension 'python_setup_py'
[0.143s] Level 1:colcon.colcon_core.package_identification:_identify(src/unitree_ros2/go1_description) by extensions ['ignore', 'ignore_ament_install']
[0.143s] Level 1:colcon.colcon_core.package_identification:_identify(src/unitree_ros2/go1_description) by extension 'ignore'
[0.143s] Level 1:colcon.colcon_core.package_identification:_identify(src/unitree_ros2/go1_description) by extension 'ignore_ament_install'
[0.143s] Level 1:colcon.colcon_core.package_identification:_identify(src/unitree_ros2/go1_description) by extensions ['colcon_pkg']
[0.143s] Level 1:colcon.colcon_core.package_identification:_identify(src/unitree_ros2/go1_description) by extension 'colcon_pkg'
[0.143s] Level 1:colcon.colcon_core.package_identification:_identify(src/unitree_ros2/go1_description) by extensions ['colcon_meta']
[0.143s] Level 1:colcon.colcon_core.package_identification:_identify(src/unitree_ros2/go1_description) by extension 'colcon_meta'
[0.143s] Level 1:colcon.colcon_core.package_identification:_identify(src/unitree_ros2/go1_description) by extensions ['ros']
[0.143s] Level 1:colcon.colcon_core.package_identification:_identify(src/unitree_ros2/go1_description) by extension 'ros'
[0.143s] DEBUG:colcon.colcon_core.package_identification:Package 'src/unitree_ros2/go1_description' with type 'ros.ament_cmake' and name 'go1_description'
[0.143s] Level 1:colcon.colcon_core.package_identification:_identify(src/unitree_ros2/ros2_unitree_legged_msgs) by extensions ['ignore', 'ignore_ament_install']
[0.143s] Level 1:colcon.colcon_core.package_identification:_identify(src/unitree_ros2/ros2_unitree_legged_msgs) by extension 'ignore'
[0.143s] Level 1:colcon.colcon_core.package_identification:_identify(src/unitree_ros2/ros2_unitree_legged_msgs) by extension 'ignore_ament_install'
[0.143s] Level 1:colcon.colcon_core.package_identification:_identify(src/unitree_ros2/ros2_unitree_legged_msgs) by extensions ['colcon_pkg']
[0.143s] Level 1:colcon.colcon_core.package_identification:_identify(src/unitree_ros2/ros2_unitree_legged_msgs) by extension 'colcon_pkg'
[0.143s] Level 1:colcon.colcon_core.package_identification:_identify(src/unitree_ros2/ros2_unitree_legged_msgs) by extensions ['colcon_meta']
[0.143s] Level 1:colcon.colcon_core.package_identification:_identify(src/unitree_ros2/ros2_unitree_legged_msgs) by extension 'colcon_meta'
[0.143s] Level 1:colcon.colcon_core.package_identification:_identify(src/unitree_ros2/ros2_unitree_legged_msgs) by extensions ['ros']
[0.143s] Level 1:colcon.colcon_core.package_identification:_identify(src/unitree_ros2/ros2_unitree_legged_msgs) by extension 'ros'
[0.144s] DEBUG:colcon.colcon_core.package_identification:Package 'src/unitree_ros2/ros2_unitree_legged_msgs' with type 'ros.ament_cmake' and name 'ros2_unitree_legged_msgs'
[0.144s] Level 1:colcon.colcon_core.package_identification:_identify(src/unitree_ros2/unitree_legged_real) by extensions ['ignore', 'ignore_ament_install']
[0.144s] Level 1:colcon.colcon_core.package_identification:_identify(src/unitree_ros2/unitree_legged_real) by extension 'ignore'
[0.144s] Level 1:colcon.colcon_core.package_identification:_identify(src/unitree_ros2/unitree_legged_real) by extension 'ignore_ament_install'
[0.144s] Level 1:colcon.colcon_core.package_identification:_identify(src/unitree_ros2/unitree_legged_real) by extensions ['colcon_pkg']
[0.144s] Level 1:colcon.colcon_core.package_identification:_identify(src/unitree_ros2/unitree_legged_real) by extension 'colcon_pkg'
[0.144s] Level 1:colcon.colcon_core.package_identification:_identify(src/unitree_ros2/unitree_legged_real) by extensions ['colcon_meta']
[0.144s] Level 1:colcon.colcon_core.package_identification:_identify(src/unitree_ros2/unitree_legged_real) by extension 'colcon_meta'
[0.144s] Level 1:colcon.colcon_core.package_identification:_identify(src/unitree_ros2/unitree_legged_real) by extensions ['ros']
[0.144s] Level 1:colcon.colcon_core.package_identification:_identify(src/unitree_ros2/unitree_legged_real) by extension 'ros'
[0.145s] DEBUG:colcon.colcon_core.package_identification:Package 'src/unitree_ros2/unitree_legged_real' with type 'ros.ament_cmake' and name 'unitree_legged_real'
[0.145s] Level 1:colcon.colcon_core.package_discovery:discover_packages(recursive) using defaults
[0.145s] Level 1:colcon.colcon_core.package_discovery:discover_packages(ignore) discover
[0.145s] Level 1:colcon.colcon_core.package_discovery:discover_packages(ignore) using defaults
[0.145s] Level 1:colcon.colcon_core.package_discovery:discover_packages(path) discover
[0.145s] Level 1:colcon.colcon_core.package_discovery:discover_packages(path) using defaults
[0.159s] Level 1:colcon.colcon_core.package_discovery:discover_packages(prefix_path) check parameters
[0.159s] Level 1:colcon.colcon_core.package_discovery:discover_packages(prefix_path) discover
[0.160s] WARNING:colcon.colcon_ros.prefix_path.ament:The path '/home/sriramk/unitree_ws/install/unitree_legged_real' in the environment variable AMENT_PREFIX_PATH doesn't exist
[0.160s] WARNING:colcon.colcon_ros.prefix_path.ament:The path '/home/sriramk/unitree_ws/install/go1_tools_low' in the environment variable AMENT_PREFIX_PATH doesn't exist
[0.160s] WARNING:colcon.colcon_ros.prefix_path.ament:The path '/home/sriramk/unitree_ws/install/go1_tools_high' in the environment variable AMENT_PREFIX_PATH doesn't exist
[0.160s] WARNING:colcon.colcon_ros.prefix_path.ament:The path '/home/sriramk/unitree_ws/install/ros2_unitree_legged_msgs' in the environment variable AMENT_PREFIX_PATH doesn't exist
[0.160s] WARNING:colcon.colcon_ros.prefix_path.ament:The path '/home/sriramk/unitree_ws/install/go1_description' in the environment variable AMENT_PREFIX_PATH doesn't exist
[0.160s] WARNING:colcon.colcon_ros.prefix_path.catkin:The path '/home/sriramk/unitree_ws/install/unitree_legged_real' in the environment variable CMAKE_PREFIX_PATH doesn't exist
[0.160s] WARNING:colcon.colcon_ros.prefix_path.catkin:The path '/home/sriramk/unitree_ws/install/go1_tools_low' in the environment variable CMAKE_PREFIX_PATH doesn't exist
[0.160s] WARNING:colcon.colcon_ros.prefix_path.catkin:The path '/home/sriramk/unitree_ws/install/go1_tools_high' in the environment variable CMAKE_PREFIX_PATH doesn't exist
[0.160s] WARNING:colcon.colcon_ros.prefix_path.catkin:The path '/home/sriramk/unitree_ws/install/ros2_unitree_legged_msgs' in the environment variable CMAKE_PREFIX_PATH doesn't exist
[0.160s] WARNING:colcon.colcon_ros.prefix_path.catkin:The path '/home/sriramk/unitree_ws/install/go1_description' in the environment variable CMAKE_PREFIX_PATH doesn't exist
[0.160s] DEBUG:colcon.colcon_installed_package_information.package_discovery:Found 0 installed packages in /home/sriramk/unitree_ws/install
[0.161s] DEBUG:colcon.colcon_installed_package_information.package_discovery:Found 13 installed packages in /home/sriramk/UFactory-850/install
[0.161s] DEBUG:colcon.colcon_installed_package_information.package_discovery:Found 1 installed packages in /home/sriramk/Quadruped-PyMPC/ros2/msgs_ws/install
[0.161s] DEBUG:colcon.colcon_installed_package_information.package_discovery:Found 368 installed packages in /opt/ros/humble
[0.162s] Level 1:colcon.colcon_core.package_discovery:discover_packages(prefix_path) using defaults
[0.183s] Level 5:colcon.colcon_core.verb:set package 'go1_description' build argument 'cmake_args' from command line to 'None'
[0.183s] Level 5:colcon.colcon_core.verb:set package 'go1_description' build argument 'cmake_target' from command line to 'None'
[0.183s] Level 5:colcon.colcon_core.verb:set package 'go1_description' build argument 'cmake_target_skip_unavailable' from command line to 'False'
[0.183s] Level 5:colcon.colcon_core.verb:set package 'go1_description' build argument 'cmake_clean_cache' from command line to 'False'
[0.183s] Level 5:colcon.colcon_core.verb:set package 'go1_description' build argument 'cmake_clean_first' from command line to 'False'
[0.183s] Level 5:colcon.colcon_core.verb:set package 'go1_description' build argument 'cmake_force_configure' from command line to 'False'
[0.183s] Level 5:colcon.colcon_core.verb:set package 'go1_description' build argument 'ament_cmake_args' from command line to 'None'
[0.183s] Level 5:colcon.colcon_core.verb:set package 'go1_description' build argument 'catkin_cmake_args' from command line to 'None'
[0.183s] Level 5:colcon.colcon_core.verb:set package 'go1_description' build argument 'catkin_skip_building_tests' from command line to 'False'
[0.183s] DEBUG:colcon.colcon_core.verb:Building package 'go1_description' with the following arguments: {'ament_cmake_args': None, 'build_base': '/home/sriramk/unitree_ws/build/go1_description', 'catkin_cmake_args': None, 'catkin_skip_building_tests': False, 'cmake_args': None, 'cmake_clean_cache': False, 'cmake_clean_first': False, 'cmake_force_configure': False, 'cmake_target': None, 'cmake_target_skip_unavailable': False, 'install_base': '/home/sriramk/unitree_ws/install/go1_description', 'merge_install': False, 'path': '/home/sriramk/unitree_ws/src/unitree_ros2/go1_description', 'symlink_install': True, 'test_result_base': None}
[0.183s] Level 5:colcon.colcon_core.verb:set package 'ros2_unitree_legged_msgs' build argument 'cmake_args' from command line to 'None'
[0.183s] Level 5:colcon.colcon_core.verb:set package 'ros2_unitree_legged_msgs' build argument 'cmake_target' from command line to 'None'
[0.183s] Level 5:colcon.colcon_core.verb:set package 'ros2_unitree_legged_msgs' build argument 'cmake_target_skip_unavailable' from command line to 'False'
[0.183s] Level 5:colcon.colcon_core.verb:set package 'ros2_unitree_legged_msgs' build argument 'cmake_clean_cache' from command line to 'False'
[0.183s] Level 5:colcon.colcon_core.verb:set package 'ros2_unitree_legged_msgs' build argument 'cmake_clean_first' from command line to 'False'
[0.183s] Level 5:colcon.colcon_core.verb:set package 'ros2_unitree_legged_msgs' build argument 'cmake_force_configure' from command line to 'False'
[0.183s] Level 5:colcon.colcon_core.verb:set package 'ros2_unitree_legged_msgs' build argument 'ament_cmake_args' from command line to 'None'
[0.183s] Level 5:colcon.colcon_core.verb:set package 'ros2_unitree_legged_msgs' build argument 'catkin_cmake_args' from command line to 'None'
[0.183s] Level 5:colcon.colcon_core.verb:set package 'ros2_unitree_legged_msgs' build argument 'catkin_skip_building_tests' from command line to 'False'
[0.183s] DEBUG:colcon.colcon_core.verb:Building package 'ros2_unitree_legged_msgs' with the following arguments: {'ament_cmake_args': None, 'build_base': '/home/sriramk/unitree_ws/build/ros2_unitree_legged_msgs', 'catkin_cmake_args': None, 'catkin_skip_building_tests': False, 'cmake_args': None, 'cmake_clean_cache': False, 'cmake_clean_first': False, 'cmake_force_configure': False, 'cmake_target': None, 'cmake_target_skip_unavailable': False, 'install_base': '/home/sriramk/unitree_ws/install/ros2_unitree_legged_msgs', 'merge_install': False, 'path': '/home/sriramk/unitree_ws/src/unitree_ros2/ros2_unitree_legged_msgs', 'symlink_install': True, 'test_result_base': None}
[0.183s] Level 5:colcon.colcon_core.verb:set package 'go1_tools_high' build argument 'cmake_args' from command line to 'None'
[0.183s] Level 5:colcon.colcon_core.verb:set package 'go1_tools_high' build argument 'cmake_target' from command line to 'None'
[0.184s] Level 5:colcon.colcon_core.verb:set package 'go1_tools_high' build argument 'cmake_target_skip_unavailable' from command line to 'False'
[0.184s] Level 5:colcon.colcon_core.verb:set package 'go1_tools_high' build argument 'cmake_clean_cache' from command line to 'False'
[0.184s] Level 5:colcon.colcon_core.verb:set package 'go1_tools_high' build argument 'cmake_clean_first' from command line to 'False'
[0.184s] Level 5:colcon.colcon_core.verb:set package 'go1_tools_high' build argument 'cmake_force_configure' from command line to 'False'
[0.184s] Level 5:colcon.colcon_core.verb:set package 'go1_tools_high' build argument 'ament_cmake_args' from command line to 'None'
[0.184s] Level 5:colcon.colcon_core.verb:set package 'go1_tools_high' build argument 'catkin_cmake_args' from command line to 'None'
[0.184s] Level 5:colcon.colcon_core.verb:set package 'go1_tools_high' build argument 'catkin_skip_building_tests' from command line to 'False'
[0.184s] DEBUG:colcon.colcon_core.verb:Building package 'go1_tools_high' with the following arguments: {'ament_cmake_args': None, 'build_base': '/home/sriramk/unitree_ws/build/go1_tools_high', 'catkin_cmake_args': None, 'catkin_skip_building_tests': False, 'cmake_args': None, 'cmake_clean_cache': False, 'cmake_clean_first': False, 'cmake_force_configure': False, 'cmake_target': None, 'cmake_target_skip_unavailable': False, 'install_base': '/home/sriramk/unitree_ws/install/go1_tools_high', 'merge_install': False, 'path': '/home/sriramk/unitree_ws/src/go1_tools_high', 'symlink_install': True, 'test_result_base': None}
[0.184s] Level 5:colcon.colcon_core.verb:set package 'go1_tools_low' build argument 'cmake_args' from command line to 'None'
[0.184s] Level 5:colcon.colcon_core.verb:set package 'go1_tools_low' build argument 'cmake_target' from command line to 'None'
[0.184s] Level 5:colcon.colcon_core.verb:set package 'go1_tools_low' build argument 'cmake_target_skip_unavailable' from command line to 'False'
[0.184s] Level 5:colcon.colcon_core.verb:set package 'go1_tools_low' build argument 'cmake_clean_cache' from command line to 'False'
[0.184s] Level 5:colcon.colcon_core.verb:set package 'go1_tools_low' build argument 'cmake_clean_first' from command line to 'False'
[0.184s] Level 5:colcon.colcon_core.verb:set package 'go1_tools_low' build argument 'cmake_force_configure' from command line to 'False'
[0.184s] Level 5:colcon.colcon_core.verb:set package 'go1_tools_low' build argument 'ament_cmake_args' from command line to 'None'
[0.184s] Level 5:colcon.colcon_core.verb:set package 'go1_tools_low' build argument 'catkin_cmake_args' from command line to 'None'
[0.184s] Level 5:colcon.colcon_core.verb:set package 'go1_tools_low' build argument 'catkin_skip_building_tests' from command line to 'False'
[0.184s] DEBUG:colcon.colcon_core.verb:Building package 'go1_tools_low' with the following arguments: {'ament_cmake_args': None, 'build_base': '/home/sriramk/unitree_ws/build/go1_tools_low', 'catkin_cmake_args': None, 'catkin_skip_building_tests': False, 'cmake_args': None, 'cmake_clean_cache': False, 'cmake_clean_first': False, 'cmake_force_configure': False, 'cmake_target': None, 'cmake_target_skip_unavailable': False, 'install_base': '/home/sriramk/unitree_ws/install/go1_tools_low', 'merge_install': False, 'path': '/home/sriramk/unitree_ws/src/go1_tools_low', 'symlink_install': True, 'test_result_base': None}
[0.184s] Level 5:colcon.colcon_core.verb:set package 'unitree_legged_real' build argument 'cmake_args' from command line to 'None'
[0.184s] Level 5:colcon.colcon_core.verb:set package 'unitree_legged_real' build argument 'cmake_target' from command line to 'None'
[0.184s] Level 5:colcon.colcon_core.verb:set package 'unitree_legged_real' build argument 'cmake_target_skip_unavailable' from command line to 'False'
[0.184s] Level 5:colcon.colcon_core.verb:set package 'unitree_legged_real' build argument 'cmake_clean_cache' from command line to 'False'
[0.184s] Level 5:colcon.colcon_core.verb:set package 'unitree_legged_real' build argument 'cmake_clean_first' from command line to 'False'
[0.184s] Level 5:colcon.colcon_core.verb:set package 'unitree_legged_real' build argument 'cmake_force_configure' from command line to 'False'
[0.184s] Level 5:colcon.colcon_core.verb:set package 'unitree_legged_real' build argument 'ament_cmake_args' from command line to 'None'
[0.184s] Level 5:colcon.colcon_core.verb:set package 'unitree_legged_real' build argument 'catkin_cmake_args' from command line to 'None'
[0.184s] Level 5:colcon.colcon_core.verb:set package 'unitree_legged_real' build argument 'catkin_skip_building_tests' from command line to 'False'
[0.184s] DEBUG:colcon.colcon_core.verb:Building package 'unitree_legged_real' with the following arguments: {'ament_cmake_args': None, 'build_base': '/home/sriramk/unitree_ws/build/unitree_legged_real', 'catkin_cmake_args': None, 'catkin_skip_building_tests': False, 'cmake_args': None, 'cmake_clean_cache': False, 'cmake_clean_first': False, 'cmake_force_configure': False, 'cmake_target': None, 'cmake_target_skip_unavailable': False, 'install_base': '/home/sriramk/unitree_ws/install/unitree_legged_real', 'merge_install': False, 'path': '/home/sriramk/unitree_ws/src/unitree_ros2/unitree_legged_real', 'symlink_install': True, 'test_result_base': None}
[0.184s] INFO:colcon.colcon_core.executor:Executing jobs using 'parallel' executor
[0.185s] DEBUG:colcon.colcon_parallel_executor.executor.parallel:run_until_complete
[0.185s] INFO:colcon.colcon_ros.task.ament_cmake.build:Building ROS package in '/home/sriramk/unitree_ws/src/unitree_ros2/ros2_unitree_legged_msgs' with build type 'ament_cmake'
[0.185s] INFO:colcon.colcon_cmake.task.cmake.build:Building CMake package in '/home/sriramk/unitree_ws/src/unitree_ros2/ros2_unitree_legged_msgs'
[0.186s] INFO:colcon.colcon_core.plugin_system:Skipping extension 'colcon_core.shell.bat': Not used on non-Windows systems
[0.186s] INFO:colcon.colcon_core.shell:Skip shell extension 'powershell' for command environment: Not usable outside of PowerShell
[0.186s] DEBUG:colcon.colcon_core.shell:Skip shell extension 'dsv' for command environment
[0.188s] INFO:colcon.colcon_ros.task.ament_cmake.build:Building ROS package in '/home/sriramk/unitree_ws/src/unitree_ros2/go1_description' with build type 'ament_cmake'
[0.188s] INFO:colcon.colcon_cmake.task.cmake.build:Building CMake package in '/home/sriramk/unitree_ws/src/unitree_ros2/go1_description'
[0.188s] INFO:colcon.colcon_core.shell:Skip shell extension 'powershell' for command environment: Not usable outside of PowerShell
[0.188s] DEBUG:colcon.colcon_core.shell:Skip shell extension 'dsv' for command environment
[0.193s] DEBUG:colcon.colcon_core.event_handler.log_command:Invoking command in '/home/sriramk/unitree_ws/build/ros2_unitree_legged_msgs': CMAKE_PREFIX_PATH=${CMAKE_PREFIX_PATH}:/home/sriramk/UFactory-850/install/uf_ros_lib:/opt/ros/humble /opt/cmake-3.28.3-linux-x86_64/bin/cmake /home/sriramk/unitree_ws/src/unitree_ros2/ros2_unitree_legged_msgs -DAMENT_CMAKE_SYMLINK_INSTALL=1 -DCMAKE_INSTALL_PREFIX=/home/sriramk/unitree_ws/install/ros2_unitree_legged_msgs
[0.194s] DEBUG:colcon.colcon_core.event_handler.log_command:Invoking command in '/home/sriramk/unitree_ws/build/go1_description': CMAKE_PREFIX_PATH=${CMAKE_PREFIX_PATH}:/home/sriramk/UFactory-850/install/uf_ros_lib:/opt/ros/humble /opt/cmake-3.28.3-linux-x86_64/bin/cmake /home/sriramk/unitree_ws/src/unitree_ros2/go1_description -DAMENT_CMAKE_SYMLINK_INSTALL=1 -DCMAKE_INSTALL_PREFIX=/home/sriramk/unitree_ws/install/go1_description
[0.639s] DEBUG:colcon.colcon_core.event_handler.log_command:Invoked command in '/home/sriramk/unitree_ws/build/go1_description' returned '0': CMAKE_PREFIX_PATH=${CMAKE_PREFIX_PATH}:/home/sriramk/UFactory-850/install/uf_ros_lib:/opt/ros/humble /opt/cmake-3.28.3-linux-x86_64/bin/cmake /home/sriramk/unitree_ws/src/unitree_ros2/go1_description -DAMENT_CMAKE_SYMLINK_INSTALL=1 -DCMAKE_INSTALL_PREFIX=/home/sriramk/unitree_ws/install/go1_description
[0.640s] DEBUG:colcon.colcon_core.event_handler.log_command:Invoking command in '/home/sriramk/unitree_ws/build/go1_description': CMAKE_PREFIX_PATH=${CMAKE_PREFIX_PATH}:/home/sriramk/UFactory-850/install/uf_ros_lib:/opt/ros/humble /opt/cmake-3.28.3-linux-x86_64/bin/cmake --build /home/sriramk/unitree_ws/build/go1_description -- -j24 -l24
[0.652s] DEBUG:colcon.colcon_core.event_handler.log_command:Invoked command in '/home/sriramk/unitree_ws/build/go1_description' returned '0': CMAKE_PREFIX_PATH=${CMAKE_PREFIX_PATH}:/home/sriramk/UFactory-850/install/uf_ros_lib:/opt/ros/humble /opt/cmake-3.28.3-linux-x86_64/bin/cmake --build /home/sriramk/unitree_ws/build/go1_description -- -j24 -l24
[0.655s] DEBUG:colcon.colcon_core.event_handler.log_command:Invoking command in '/home/sriramk/unitree_ws/build/go1_description': CMAKE_PREFIX_PATH=${CMAKE_PREFIX_PATH}:/home/sriramk/UFactory-850/install/uf_ros_lib:/opt/ros/humble /opt/cmake-3.28.3-linux-x86_64/bin/cmake --install /home/sriramk/unitree_ws/build/go1_description
[0.709s] Level 1:colcon.colcon_core.environment:create_environment_scripts_only(go1_description)
[0.709s] DEBUG:colcon.colcon_core.event_handler.log_command:Invoked command in '/home/sriramk/unitree_ws/build/go1_description' returned '0': CMAKE_PREFIX_PATH=${CMAKE_PREFIX_PATH}:/home/sriramk/UFactory-850/install/uf_ros_lib:/opt/ros/humble /opt/cmake-3.28.3-linux-x86_64/bin/cmake --install /home/sriramk/unitree_ws/build/go1_description
[0.712s] Level 1:colcon.colcon_core.environment:checking '/home/sriramk/unitree_ws/install/go1_description' for CMake module files
[0.712s] Level 1:colcon.colcon_core.environment:checking '/home/sriramk/unitree_ws/install/go1_description' for CMake config files
[0.712s] Level 1:colcon.colcon_core.shell:create_environment_hook('go1_description', 'cmake_prefix_path')
[0.713s] INFO:colcon.colcon_core.shell:Creating environment hook '/home/sriramk/unitree_ws/install/go1_description/share/go1_description/hook/cmake_prefix_path.ps1'
[0.713s] INFO:colcon.colcon_core.shell:Creating environment descriptor '/home/sriramk/unitree_ws/install/go1_description/share/go1_description/hook/cmake_prefix_path.dsv'
[0.714s] INFO:colcon.colcon_core.shell:Creating environment hook '/home/sriramk/unitree_ws/install/go1_description/share/go1_description/hook/cmake_prefix_path.sh'
[0.714s] Level 1:colcon.colcon_core.environment:checking '/home/sriramk/unitree_ws/install/go1_description/bin'
[0.714s] Level 1:colcon.colcon_core.environment:checking '/home/sriramk/unitree_ws/install/go1_description/lib/pkgconfig/go1_description.pc'
[0.715s] Level 1:colcon.colcon_core.environment:checking '/home/sriramk/unitree_ws/install/go1_description/lib/python3.10/site-packages'
[0.715s] Level 1:colcon.colcon_core.environment:checking '/home/sriramk/unitree_ws/install/go1_description/bin'
[0.715s] INFO:colcon.colcon_core.shell:Creating package script '/home/sriramk/unitree_ws/install/go1_description/share/go1_description/package.ps1'
[0.716s] INFO:colcon.colcon_core.shell:Creating package descriptor '/home/sriramk/unitree_ws/install/go1_description/share/go1_description/package.dsv'
[0.716s] INFO:colcon.colcon_core.shell:Creating package script '/home/sriramk/unitree_ws/install/go1_description/share/go1_description/package.sh'
[0.717s] INFO:colcon.colcon_core.shell:Creating package script '/home/sriramk/unitree_ws/install/go1_description/share/go1_description/package.bash'
[0.717s] INFO:colcon.colcon_core.shell:Creating package script '/home/sriramk/unitree_ws/install/go1_description/share/go1_description/package.zsh'
[0.718s] Level 1:colcon.colcon_core.environment:create_file_with_runtime_dependencies(/home/sriramk/unitree_ws/install/go1_description/share/colcon-core/packages/go1_description)
[0.718s] Level 1:colcon.colcon_core.environment:create_environment_scripts_only(go1_description)
[0.719s] Level 1:colcon.colcon_core.environment:checking '/home/sriramk/unitree_ws/install/go1_description' for CMake module files
[0.719s] Level 1:colcon.colcon_core.environment:checking '/home/sriramk/unitree_ws/install/go1_description' for CMake config files
[0.719s] Level 1:colcon.colcon_core.shell:create_environment_hook('go1_description', 'cmake_prefix_path')
[0.720s] INFO:colcon.colcon_core.shell:Creating environment hook '/home/sriramk/unitree_ws/install/go1_description/share/go1_description/hook/cmake_prefix_path.ps1'
[0.720s] INFO:colcon.colcon_core.shell:Creating environment descriptor '/home/sriramk/unitree_ws/install/go1_description/share/go1_description/hook/cmake_prefix_path.dsv'
[0.720s] INFO:colcon.colcon_core.shell:Creating environment hook '/home/sriramk/unitree_ws/install/go1_description/share/go1_description/hook/cmake_prefix_path.sh'
[0.721s] Level 1:colcon.colcon_core.environment:checking '/home/sriramk/unitree_ws/install/go1_description/bin'
[0.721s] Level 1:colcon.colcon_core.environment:checking '/home/sriramk/unitree_ws/install/go1_description/lib/pkgconfig/go1_description.pc'
[0.721s] Level 1:colcon.colcon_core.environment:checking '/home/sriramk/unitree_ws/install/go1_description/lib/python3.10/site-packages'
[0.721s] Level 1:colcon.colcon_core.environment:checking '/home/sriramk/unitree_ws/install/go1_description/bin'
[0.721s] INFO:colcon.colcon_core.shell:Creating package script '/home/sriramk/unitree_ws/install/go1_description/share/go1_description/package.ps1'
[0.722s] INFO:colcon.colcon_core.shell:Creating package descriptor '/home/sriramk/unitree_ws/install/go1_description/share/go1_description/package.dsv'
[0.722s] INFO:colcon.colcon_core.shell:Creating package script '/home/sriramk/unitree_ws/install/go1_description/share/go1_description/package.sh'
[0.722s] INFO:colcon.colcon_core.shell:Creating package script '/home/sriramk/unitree_ws/install/go1_description/share/go1_description/package.bash'
[0.723s] INFO:colcon.colcon_core.shell:Creating package script '/home/sriramk/unitree_ws/install/go1_description/share/go1_description/package.zsh'
[0.723s] Level 1:colcon.colcon_core.environment:create_file_with_runtime_dependencies(/home/sriramk/unitree_ws/install/go1_description/share/colcon-core/packages/go1_description)
[1.946s] DEBUG:colcon.colcon_core.event_handler.log_command:Invoked command in '/home/sriramk/unitree_ws/build/ros2_unitree_legged_msgs' returned '0': CMAKE_PREFIX_PATH=${CMAKE_PREFIX_PATH}:/home/sriramk/UFactory-850/install/uf_ros_lib:/opt/ros/humble /opt/cmake-3.28.3-linux-x86_64/bin/cmake /home/sriramk/unitree_ws/src/unitree_ros2/ros2_unitree_legged_msgs -DAMENT_CMAKE_SYMLINK_INSTALL=1 -DCMAKE_INSTALL_PREFIX=/home/sriramk/unitree_ws/install/ros2_unitree_legged_msgs
[1.947s] DEBUG:colcon.colcon_core.event_handler.log_command:Invoking command in '/home/sriramk/unitree_ws/build/ros2_unitree_legged_msgs': CMAKE_PREFIX_PATH=${CMAKE_PREFIX_PATH}:/home/sriramk/UFactory-850/install/uf_ros_lib:/opt/ros/humble /opt/cmake-3.28.3-linux-x86_64/bin/cmake --build /home/sriramk/unitree_ws/build/ros2_unitree_legged_msgs -- -j24 -l24
[4.886s] DEBUG:colcon.colcon_core.event_handler.log_command:Invoked command in '/home/sriramk/unitree_ws/build/ros2_unitree_legged_msgs' returned '0': CMAKE_PREFIX_PATH=${CMAKE_PREFIX_PATH}:/home/sriramk/UFactory-850/install/uf_ros_lib:/opt/ros/humble /opt/cmake-3.28.3-linux-x86_64/bin/cmake --build /home/sriramk/unitree_ws/build/ros2_unitree_legged_msgs -- -j24 -l24
[4.887s] DEBUG:colcon.colcon_core.event_handler.log_command:Invoking command in '/home/sriramk/unitree_ws/build/ros2_unitree_legged_msgs': CMAKE_PREFIX_PATH=${CMAKE_PREFIX_PATH}:/home/sriramk/UFactory-850/install/uf_ros_lib:/opt/ros/humble /opt/cmake-3.28.3-linux-x86_64/bin/cmake --install /home/sriramk/unitree_ws/build/ros2_unitree_legged_msgs
[5.268s] Level 1:colcon.colcon_core.environment:create_environment_scripts_only(ros2_unitree_legged_msgs)
[5.268s] DEBUG:colcon.colcon_core.event_handler.log_command:Invoked command in '/home/sriramk/unitree_ws/build/ros2_unitree_legged_msgs' returned '0': CMAKE_PREFIX_PATH=${CMAKE_PREFIX_PATH}:/home/sriramk/UFactory-850/install/uf_ros_lib:/opt/ros/humble /opt/cmake-3.28.3-linux-x86_64/bin/cmake --install /home/sriramk/unitree_ws/build/ros2_unitree_legged_msgs
[5.268s] Level 1:colcon.colcon_core.environment:checking '/home/sriramk/unitree_ws/install/ros2_unitree_legged_msgs' for CMake module files
[5.268s] Level 1:colcon.colcon_core.environment:checking '/home/sriramk/unitree_ws/install/ros2_unitree_legged_msgs' for CMake config files
[5.269s] Level 1:colcon.colcon_core.shell:create_environment_hook('ros2_unitree_legged_msgs', 'cmake_prefix_path')
[5.269s] INFO:colcon.colcon_core.shell:Creating environment hook '/home/sriramk/unitree_ws/install/ros2_unitree_legged_msgs/share/ros2_unitree_legged_msgs/hook/cmake_prefix_path.ps1'
[5.269s] INFO:colcon.colcon_core.shell:Creating environment descriptor '/home/sriramk/unitree_ws/install/ros2_unitree_legged_msgs/share/ros2_unitree_legged_msgs/hook/cmake_prefix_path.dsv'
[5.269s] INFO:colcon.colcon_core.shell:Creating environment hook '/home/sriramk/unitree_ws/install/ros2_unitree_legged_msgs/share/ros2_unitree_legged_msgs/hook/cmake_prefix_path.sh'
[5.270s] Level 1:colcon.colcon_core.environment:checking '/home/sriramk/unitree_ws/install/ros2_unitree_legged_msgs/lib'
[5.270s] Level 1:colcon.colcon_core.shell:create_environment_hook('ros2_unitree_legged_msgs', 'ld_library_path_lib')
[5.270s] INFO:colcon.colcon_core.shell:Creating environment hook '/home/sriramk/unitree_ws/install/ros2_unitree_legged_msgs/share/ros2_unitree_legged_msgs/hook/ld_library_path_lib.ps1'
[5.270s] INFO:colcon.colcon_core.shell:Creating environment descriptor '/home/sriramk/unitree_ws/install/ros2_unitree_legged_msgs/share/ros2_unitree_legged_msgs/hook/ld_library_path_lib.dsv'
[5.270s] INFO:colcon.colcon_core.shell:Creating environment hook '/home/sriramk/unitree_ws/install/ros2_unitree_legged_msgs/share/ros2_unitree_legged_msgs/hook/ld_library_path_lib.sh'
[5.270s] Level 1:colcon.colcon_core.environment:checking '/home/sriramk/unitree_ws/install/ros2_unitree_legged_msgs/bin'
[5.270s] Level 1:colcon.colcon_core.environment:checking '/home/sriramk/unitree_ws/install/ros2_unitree_legged_msgs/lib/pkgconfig/ros2_unitree_legged_msgs.pc'
[5.270s] Level 1:colcon.colcon_core.environment:checking '/home/sriramk/unitree_ws/install/ros2_unitree_legged_msgs/lib/python3.10/site-packages'
[5.271s] Level 1:colcon.colcon_core.environment:checking '/home/sriramk/unitree_ws/install/ros2_unitree_legged_msgs/bin'
[5.271s] INFO:colcon.colcon_core.shell:Creating package script '/home/sriramk/unitree_ws/install/ros2_unitree_legged_msgs/share/ros2_unitree_legged_msgs/package.ps1'
[5.271s] INFO:colcon.colcon_core.shell:Creating package descriptor '/home/sriramk/unitree_ws/install/ros2_unitree_legged_msgs/share/ros2_unitree_legged_msgs/package.dsv'
[5.271s] INFO:colcon.colcon_core.shell:Creating package script '/home/sriramk/unitree_ws/install/ros2_unitree_legged_msgs/share/ros2_unitree_legged_msgs/package.sh'
[5.271s] INFO:colcon.colcon_core.shell:Creating package script '/home/sriramk/unitree_ws/install/ros2_unitree_legged_msgs/share/ros2_unitree_legged_msgs/package.bash'
[5.271s] INFO:colcon.colcon_core.shell:Creating package script '/home/sriramk/unitree_ws/install/ros2_unitree_legged_msgs/share/ros2_unitree_legged_msgs/package.zsh'
[5.272s] Level 1:colcon.colcon_core.environment:create_file_with_runtime_dependencies(/home/sriramk/unitree_ws/install/ros2_unitree_legged_msgs/share/colcon-core/packages/ros2_unitree_legged_msgs)
[5.272s] Level 1:colcon.colcon_core.environment:create_environment_scripts_only(ros2_unitree_legged_msgs)
[5.272s] Level 1:colcon.colcon_core.environment:checking '/home/sriramk/unitree_ws/install/ros2_unitree_legged_msgs' for CMake module files
[5.272s] Level 1:colcon.colcon_core.environment:checking '/home/sriramk/unitree_ws/install/ros2_unitree_legged_msgs' for CMake config files
[5.272s] Level 1:colcon.colcon_core.shell:create_environment_hook('ros2_unitree_legged_msgs', 'cmake_prefix_path')
[5.273s] INFO:colcon.colcon_core.shell:Creating environment hook '/home/sriramk/unitree_ws/install/ros2_unitree_legged_msgs/share/ros2_unitree_legged_msgs/hook/cmake_prefix_path.ps1'
[5.273s] INFO:colcon.colcon_core.shell:Creating environment descriptor '/home/sriramk/unitree_ws/install/ros2_unitree_legged_msgs/share/ros2_unitree_legged_msgs/hook/cmake_prefix_path.dsv'
[5.273s] INFO:colcon.colcon_core.shell:Creating environment hook '/home/sriramk/unitree_ws/install/ros2_unitree_legged_msgs/share/ros2_unitree_legged_msgs/hook/cmake_prefix_path.sh'
[5.273s] Level 1:colcon.colcon_core.environment:checking '/home/sriramk/unitree_ws/install/ros2_unitree_legged_msgs/lib'
[5.273s] Level 1:colcon.colcon_core.shell:create_environment_hook('ros2_unitree_legged_msgs', 'ld_library_path_lib')
[5.273s] INFO:colcon.colcon_core.shell:Creating environment hook '/home/sriramk/unitree_ws/install/ros2_unitree_legged_msgs/share/ros2_unitree_legged_msgs/hook/ld_library_path_lib.ps1'
[5.273s] INFO:colcon.colcon_core.shell:Creating environment descriptor '/home/sriramk/unitree_ws/install/ros2_unitree_legged_msgs/share/ros2_unitree_legged_msgs/hook/ld_library_path_lib.dsv'
[5.274s] INFO:colcon.colcon_core.shell:Creating environment hook '/home/sriramk/unitree_ws/install/ros2_unitree_legged_msgs/share/ros2_unitree_legged_msgs/hook/ld_library_path_lib.sh'
[5.274s] Level 1:colcon.colcon_core.environment:checking '/home/sriramk/unitree_ws/install/ros2_unitree_legged_msgs/bin'
[5.274s] Level 1:colcon.colcon_core.environment:checking '/home/sriramk/unitree_ws/install/ros2_unitree_legged_msgs/lib/pkgconfig/ros2_unitree_legged_msgs.pc'
[5.274s] Level 1:colcon.colcon_core.environment:checking '/home/sriramk/unitree_ws/install/ros2_unitree_legged_msgs/lib/python3.10/site-packages'
[5.274s] Level 1:colcon.colcon_core.environment:checking '/home/sriramk/unitree_ws/install/ros2_unitree_legged_msgs/bin'
[5.274s] INFO:colcon.colcon_core.shell:Creating package script '/home/sriramk/unitree_ws/install/ros2_unitree_legged_msgs/share/ros2_unitree_legged_msgs/package.ps1'
[5.274s] INFO:colcon.colcon_core.shell:Creating package descriptor '/home/sriramk/unitree_ws/install/ros2_unitree_legged_msgs/share/ros2_unitree_legged_msgs/package.dsv'
[5.275s] INFO:colcon.colcon_core.shell:Creating package script '/home/sriramk/unitree_ws/install/ros2_unitree_legged_msgs/share/ros2_unitree_legged_msgs/package.sh'
[5.275s] INFO:colcon.colcon_core.shell:Creating package script '/home/sriramk/unitree_ws/install/ros2_unitree_legged_msgs/share/ros2_unitree_legged_msgs/package.bash'
[5.275s] INFO:colcon.colcon_core.shell:Creating package script '/home/sriramk/unitree_ws/install/ros2_unitree_legged_msgs/share/ros2_unitree_legged_msgs/package.zsh'
[5.275s] Level 1:colcon.colcon_core.environment:create_file_with_runtime_dependencies(/home/sriramk/unitree_ws/install/ros2_unitree_legged_msgs/share/colcon-core/packages/ros2_unitree_legged_msgs)
[5.275s] INFO:colcon.colcon_ros.task.ament_cmake.build:Building ROS package in '/home/sriramk/unitree_ws/src/go1_tools_high' with build type 'ament_cmake'
[5.275s] INFO:colcon.colcon_cmake.task.cmake.build:Building CMake package in '/home/sriramk/unitree_ws/src/go1_tools_high'
[5.275s] INFO:colcon.colcon_core.shell:Skip shell extension 'powershell' for command environment: Not usable outside of PowerShell
[5.275s] DEBUG:colcon.colcon_core.shell:Skip shell extension 'dsv' for command environment
[5.278s] INFO:colcon.colcon_ros.task.ament_cmake.build:Building ROS package in '/home/sriramk/unitree_ws/src/go1_tools_low' with build type 'ament_cmake'
[5.278s] INFO:colcon.colcon_cmake.task.cmake.build:Building CMake package in '/home/sriramk/unitree_ws/src/go1_tools_low'
[5.278s] INFO:colcon.colcon_core.shell:Skip shell extension 'powershell' for command environment: Not usable outside of PowerShell
[5.278s] DEBUG:colcon.colcon_core.shell:Skip shell extension 'dsv' for command environment
[5.280s] INFO:colcon.colcon_ros.task.ament_cmake.build:Building ROS package in '/home/sriramk/unitree_ws/src/unitree_ros2/unitree_legged_real' with build type 'ament_cmake'
[5.280s] INFO:colcon.colcon_cmake.task.cmake.build:Building CMake package in '/home/sriramk/unitree_ws/src/unitree_ros2/unitree_legged_real'
[5.280s] INFO:colcon.colcon_core.shell:Skip shell extension 'powershell' for command environment: Not usable outside of PowerShell
[5.280s] DEBUG:colcon.colcon_core.shell:Skip shell extension 'dsv' for command environment
[5.284s] DEBUG:colcon.colcon_core.event_handler.log_command:Invoking command in '/home/sriramk/unitree_ws/build/go1_tools_high': CMAKE_PREFIX_PATH=/home/sriramk/unitree_ws/install/ros2_unitree_legged_msgs:/home/sriramk/unitree_ws/install/unitree_legged_real:/home/sriramk/unitree_ws/install/go1_tools_low:/home/sriramk/unitree_ws/install/go1_tools_high:/home/sriramk/unitree_ws/install/go1_description:/home/sriramk/Quadruped-PyMPC/ros2/msgs_ws/install/dls2_interface:/home/sriramk/UFactory-850/install/xarm_planner:/home/sriramk/UFactory-850/install/xarm_moveit_servo:/home/sriramk/UFactory-850/install/xarm_moveit_config:/home/sriramk/UFactory-850/install/xarm_gazebo:/home/sriramk/UFactory-850/install/xarm_controller:/home/sriramk/UFactory-850/install/d435i_xarm_setup:/home/sriramk/UFactory-850/install/xarm_api:/home/sriramk/UFactory-850/install/xarm_sdk:/home/sriramk/UFactory-850/install/xarm_msgs:/home/sriramk/UFactory-850/install/xarm_description:/home/sriramk/UFactory-850/install/realsense_gazebo_plugin:/home/sriramk/UFactory-850/install/mbot_demo:/home/sriramk/UFactory-850/install/uf_ros_lib:/opt/ros/humble LD_LIBRARY_PATH=/home/sriramk/unitree_ws/install/ros2_unitree_legged_msgs/lib:/home/sriramk/unitree_ws/install/unitree_legged_real/lib:/home/sriramk/unitree_ws/install/go1_tools_low/lib:/home/sriramk/unitree_ws/install/go1_tools_high/lib:/home/sriramk/Quadruped-PyMPC/ros2/msgs_ws/install/dls2_interface/lib:/home/sriramk/UFactory-850/install/xarm_planner/lib:/home/sriramk/UFactory-850/install/xarm_moveit_servo/lib:/home/sriramk/UFactory-850/install/xarm_gazebo/lib:/home/sriramk/UFactory-850/install/xarm_controller/lib:/home/sriramk/UFactory-850/install/xarm_api/lib:/home/sriramk/UFactory-850/install/xarm_sdk/lib:/home/sriramk/UFactory-850/install/xarm_msgs/lib:/home/sriramk/UFactory-850/install/realsense_gazebo_plugin/lib:/usr/lib/x86_64-linux-gnu/gazebo-11/plugins:/opt/ros/humble/opt/rviz_ogre_vendor/lib:/opt/ros/humble/lib/x86_64-linux-gnu:/opt/ros/humble/lib:/home/sriramk/Quadruped-PyMPC/quadruped_pympc/acados/lib /opt/cmake-3.28.3-linux-x86_64/bin/cmake /home/sriramk/unitree_ws/src/go1_tools_high -DAMENT_CMAKE_SYMLINK_INSTALL=1 -DCMAKE_INSTALL_PREFIX=/home/sriramk/unitree_ws/install/go1_tools_high
[5.285s] DEBUG:colcon.colcon_core.event_handler.log_command:Invoking command in '/home/sriramk/unitree_ws/build/go1_tools_low': CMAKE_PREFIX_PATH=/home/sriramk/unitree_ws/install/ros2_unitree_legged_msgs:/home/sriramk/unitree_ws/install/unitree_legged_real:/home/sriramk/unitree_ws/install/go1_tools_low:/home/sriramk/unitree_ws/install/go1_tools_high:/home/sriramk/unitree_ws/install/go1_description:/home/sriramk/Quadruped-PyMPC/ros2/msgs_ws/install/dls2_interface:/home/sriramk/UFactory-850/install/xarm_planner:/home/sriramk/UFactory-850/install/xarm_moveit_servo:/home/sriramk/UFactory-850/install/xarm_moveit_config:/home/sriramk/UFactory-850/install/xarm_gazebo:/home/sriramk/UFactory-850/install/xarm_controller:/home/sriramk/UFactory-850/install/d435i_xarm_setup:/home/sriramk/UFactory-850/install/xarm_api:/home/sriramk/UFactory-850/install/xarm_sdk:/home/sriramk/UFactory-850/install/xarm_msgs:/home/sriramk/UFactory-850/install/xarm_description:/home/sriramk/UFactory-850/install/realsense_gazebo_plugin:/home/sriramk/UFactory-850/install/mbot_demo:/home/sriramk/UFactory-850/install/uf_ros_lib:/opt/ros/humble LD_LIBRARY_PATH=/home/sriramk/unitree_ws/install/ros2_unitree_legged_msgs/lib:/home/sriramk/unitree_ws/install/unitree_legged_real/lib:/home/sriramk/unitree_ws/install/go1_tools_low/lib:/home/sriramk/unitree_ws/install/go1_tools_high/lib:/home/sriramk/Quadruped-PyMPC/ros2/msgs_ws/install/dls2_interface/lib:/home/sriramk/UFactory-850/install/xarm_planner/lib:/home/sriramk/UFactory-850/install/xarm_moveit_servo/lib:/home/sriramk/UFactory-850/install/xarm_gazebo/lib:/home/sriramk/UFactory-850/install/xarm_controller/lib:/home/sriramk/UFactory-850/install/xarm_api/lib:/home/sriramk/UFactory-850/install/xarm_sdk/lib:/home/sriramk/UFactory-850/install/xarm_msgs/lib:/home/sriramk/UFactory-850/install/realsense_gazebo_plugin/lib:/usr/lib/x86_64-linux-gnu/gazebo-11/plugins:/opt/ros/humble/opt/rviz_ogre_vendor/lib:/opt/ros/humble/lib/x86_64-linux-gnu:/opt/ros/humble/lib:/home/sriramk/Quadruped-PyMPC/quadruped_pympc/acados/lib /opt/cmake-3.28.3-linux-x86_64/bin/cmake /home/sriramk/unitree_ws/src/go1_tools_low -DAMENT_CMAKE_SYMLINK_INSTALL=1 -DCMAKE_INSTALL_PREFIX=/home/sriramk/unitree_ws/install/go1_tools_low
[5.287s] DEBUG:colcon.colcon_core.event_handler.log_command:Invoking command in '/home/sriramk/unitree_ws/build/unitree_legged_real': CMAKE_PREFIX_PATH=/home/sriramk/unitree_ws/install/ros2_unitree_legged_msgs:/home/sriramk/unitree_ws/install/unitree_legged_real:/home/sriramk/unitree_ws/install/go1_tools_low:/home/sriramk/unitree_ws/install/go1_tools_high:/home/sriramk/unitree_ws/install/go1_description:/home/sriramk/Quadruped-PyMPC/ros2/msgs_ws/install/dls2_interface:/home/sriramk/UFactory-850/install/xarm_planner:/home/sriramk/UFactory-850/install/xarm_moveit_servo:/home/sriramk/UFactory-850/install/xarm_moveit_config:/home/sriramk/UFactory-850/install/xarm_gazebo:/home/sriramk/UFactory-850/install/xarm_controller:/home/sriramk/UFactory-850/install/d435i_xarm_setup:/home/sriramk/UFactory-850/install/xarm_api:/home/sriramk/UFactory-850/install/xarm_sdk:/home/sriramk/UFactory-850/install/xarm_msgs:/home/sriramk/UFactory-850/install/xarm_description:/home/sriramk/UFactory-850/install/realsense_gazebo_plugin:/home/sriramk/UFactory-850/install/mbot_demo:/home/sriramk/UFactory-850/install/uf_ros_lib:/opt/ros/humble LD_LIBRARY_PATH=/home/sriramk/unitree_ws/install/ros2_unitree_legged_msgs/lib:/home/sriramk/unitree_ws/install/unitree_legged_real/lib:/home/sriramk/unitree_ws/install/go1_tools_low/lib:/home/sriramk/unitree_ws/install/go1_tools_high/lib:/home/sriramk/Quadruped-PyMPC/ros2/msgs_ws/install/dls2_interface/lib:/home/sriramk/UFactory-850/install/xarm_planner/lib:/home/sriramk/UFactory-850/install/xarm_moveit_servo/lib:/home/sriramk/UFactory-850/install/xarm_gazebo/lib:/home/sriramk/UFactory-850/install/xarm_controller/lib:/home/sriramk/UFactory-850/install/xarm_api/lib:/home/sriramk/UFactory-850/install/xarm_sdk/lib:/home/sriramk/UFactory-850/install/xarm_msgs/lib:/home/sriramk/UFactory-850/install/realsense_gazebo_plugin/lib:/usr/lib/x86_64-linux-gnu/gazebo-11/plugins:/opt/ros/humble/opt/rviz_ogre_vendor/lib:/opt/ros/humble/lib/x86_64-linux-gnu:/opt/ros/humble/lib:/home/sriramk/Quadruped-PyMPC/quadruped_pympc/acados/lib /opt/cmake-3.28.3-linux-x86_64/bin/cmake /home/sriramk/unitree_ws/src/unitree_ros2/unitree_legged_real -DAMENT_CMAKE_SYMLINK_INSTALL=1 -DCMAKE_INSTALL_PREFIX=/home/sriramk/unitree_ws/install/unitree_legged_real
[5.941s] DEBUG:colcon.colcon_core.event_handler.log_command:Invoked command in '/home/sriramk/unitree_ws/build/go1_tools_high' returned '0': CMAKE_PREFIX_PATH=/home/sriramk/unitree_ws/install/ros2_unitree_legged_msgs:/home/sriramk/unitree_ws/install/unitree_legged_real:/home/sriramk/unitree_ws/install/go1_tools_low:/home/sriramk/unitree_ws/install/go1_tools_high:/home/sriramk/unitree_ws/install/go1_description:/home/sriramk/Quadruped-PyMPC/ros2/msgs_ws/install/dls2_interface:/home/sriramk/UFactory-850/install/xarm_planner:/home/sriramk/UFactory-850/install/xarm_moveit_servo:/home/sriramk/UFactory-850/install/xarm_moveit_config:/home/sriramk/UFactory-850/install/xarm_gazebo:/home/sriramk/UFactory-850/install/xarm_controller:/home/sriramk/UFactory-850/install/d435i_xarm_setup:/home/sriramk/UFactory-850/install/xarm_api:/home/sriramk/UFactory-850/install/xarm_sdk:/home/sriramk/UFactory-850/install/xarm_msgs:/home/sriramk/UFactory-850/install/xarm_description:/home/sriramk/UFactory-850/install/realsense_gazebo_plugin:/home/sriramk/UFactory-850/install/mbot_demo:/home/sriramk/UFactory-850/install/uf_ros_lib:/opt/ros/humble LD_LIBRARY_PATH=/home/sriramk/unitree_ws/install/ros2_unitree_legged_msgs/lib:/home/sriramk/unitree_ws/install/unitree_legged_real/lib:/home/sriramk/unitree_ws/install/go1_tools_low/lib:/home/sriramk/unitree_ws/install/go1_tools_high/lib:/home/sriramk/Quadruped-PyMPC/ros2/msgs_ws/install/dls2_interface/lib:/home/sriramk/UFactory-850/install/xarm_planner/lib:/home/sriramk/UFactory-850/install/xarm_moveit_servo/lib:/home/sriramk/UFactory-850/install/xarm_gazebo/lib:/home/sriramk/UFactory-850/install/xarm_controller/lib:/home/sriramk/UFactory-850/install/xarm_api/lib:/home/sriramk/UFactory-850/install/xarm_sdk/lib:/home/sriramk/UFactory-850/install/xarm_msgs/lib:/home/sriramk/UFactory-850/install/realsense_gazebo_plugin/lib:/usr/lib/x86_64-linux-gnu/gazebo-11/plugins:/opt/ros/humble/opt/rviz_ogre_vendor/lib:/opt/ros/humble/lib/x86_64-linux-gnu:/opt/ros/humble/lib:/home/sriramk/Quadruped-PyMPC/quadruped_pympc/acados/lib /opt/cmake-3.28.3-linux-x86_64/bin/cmake /home/sriramk/unitree_ws/src/go1_tools_high -DAMENT_CMAKE_SYMLINK_INSTALL=1 -DCMAKE_INSTALL_PREFIX=/home/sriramk/unitree_ws/install/go1_tools_high
[5.942s] DEBUG:colcon.colcon_core.event_handler.log_command:Invoking command in '/home/sriramk/unitree_ws/build/go1_tools_high': CMAKE_PREFIX_PATH=/home/sriramk/unitree_ws/install/ros2_unitree_legged_msgs:/home/sriramk/unitree_ws/install/unitree_legged_real:/home/sriramk/unitree_ws/install/go1_tools_low:/home/sriramk/unitree_ws/install/go1_tools_high:/home/sriramk/unitree_ws/install/go1_description:/home/sriramk/Quadruped-PyMPC/ros2/msgs_ws/install/dls2_interface:/home/sriramk/UFactory-850/install/xarm_planner:/home/sriramk/UFactory-850/install/xarm_moveit_servo:/home/sriramk/UFactory-850/install/xarm_moveit_config:/home/sriramk/UFactory-850/install/xarm_gazebo:/home/sriramk/UFactory-850/install/xarm_controller:/home/sriramk/UFactory-850/install/d435i_xarm_setup:/home/sriramk/UFactory-850/install/xarm_api:/home/sriramk/UFactory-850/install/xarm_sdk:/home/sriramk/UFactory-850/install/xarm_msgs:/home/sriramk/UFactory-850/install/xarm_description:/home/sriramk/UFactory-850/install/realsense_gazebo_plugin:/home/sriramk/UFactory-850/install/mbot_demo:/home/sriramk/UFactory-850/install/uf_ros_lib:/opt/ros/humble LD_LIBRARY_PATH=/home/sriramk/unitree_ws/install/ros2_unitree_legged_msgs/lib:/home/sriramk/unitree_ws/install/unitree_legged_real/lib:/home/sriramk/unitree_ws/install/go1_tools_low/lib:/home/sriramk/unitree_ws/install/go1_tools_high/lib:/home/sriramk/Quadruped-PyMPC/ros2/msgs_ws/install/dls2_interface/lib:/home/sriramk/UFactory-850/install/xarm_planner/lib:/home/sriramk/UFactory-850/install/xarm_moveit_servo/lib:/home/sriramk/UFactory-850/install/xarm_gazebo/lib:/home/sriramk/UFactory-850/install/xarm_controller/lib:/home/sriramk/UFactory-850/install/xarm_api/lib:/home/sriramk/UFactory-850/install/xarm_sdk/lib:/home/sriramk/UFactory-850/install/xarm_msgs/lib:/home/sriramk/UFactory-850/install/realsense_gazebo_plugin/lib:/usr/lib/x86_64-linux-gnu/gazebo-11/plugins:/opt/ros/humble/opt/rviz_ogre_vendor/lib:/opt/ros/humble/lib/x86_64-linux-gnu:/opt/ros/humble/lib:/home/sriramk/Quadruped-PyMPC/quadruped_pympc/acados/lib /opt/cmake-3.28.3-linux-x86_64/bin/cmake --build /home/sriramk/unitree_ws/build/go1_tools_high -- -j24 -l24
[5.954s] DEBUG:colcon.colcon_core.event_handler.log_command:Invoked command in '/home/sriramk/unitree_ws/build/go1_tools_low' returned '0': CMAKE_PREFIX_PATH=/home/sriramk/unitree_ws/install/ros2_unitree_legged_msgs:/home/sriramk/unitree_ws/install/unitree_legged_real:/home/sriramk/unitree_ws/install/go1_tools_low:/home/sriramk/unitree_ws/install/go1_tools_high:/home/sriramk/unitree_ws/install/go1_description:/home/sriramk/Quadruped-PyMPC/ros2/msgs_ws/install/dls2_interface:/home/sriramk/UFactory-850/install/xarm_planner:/home/sriramk/UFactory-850/install/xarm_moveit_servo:/home/sriramk/UFactory-850/install/xarm_moveit_config:/home/sriramk/UFactory-850/install/xarm_gazebo:/home/sriramk/UFactory-850/install/xarm_controller:/home/sriramk/UFactory-850/install/d435i_xarm_setup:/home/sriramk/UFactory-850/install/xarm_api:/home/sriramk/UFactory-850/install/xarm_sdk:/home/sriramk/UFactory-850/install/xarm_msgs:/home/sriramk/UFactory-850/install/xarm_description:/home/sriramk/UFactory-850/install/realsense_gazebo_plugin:/home/sriramk/UFactory-850/install/mbot_demo:/home/sriramk/UFactory-850/install/uf_ros_lib:/opt/ros/humble LD_LIBRARY_PATH=/home/sriramk/unitree_ws/install/ros2_unitree_legged_msgs/lib:/home/sriramk/unitree_ws/install/unitree_legged_real/lib:/home/sriramk/unitree_ws/install/go1_tools_low/lib:/home/sriramk/unitree_ws/install/go1_tools_high/lib:/home/sriramk/Quadruped-PyMPC/ros2/msgs_ws/install/dls2_interface/lib:/home/sriramk/UFactory-850/install/xarm_planner/lib:/home/sriramk/UFactory-850/install/xarm_moveit_servo/lib:/home/sriramk/UFactory-850/install/xarm_gazebo/lib:/home/sriramk/UFactory-850/install/xarm_controller/lib:/home/sriramk/UFactory-850/install/xarm_api/lib:/home/sriramk/UFactory-850/install/xarm_sdk/lib:/home/sriramk/UFactory-850/install/xarm_msgs/lib:/home/sriramk/UFactory-850/install/realsense_gazebo_plugin/lib:/usr/lib/x86_64-linux-gnu/gazebo-11/plugins:/opt/ros/humble/opt/rviz_ogre_vendor/lib:/opt/ros/humble/lib/x86_64-linux-gnu:/opt/ros/humble/lib:/home/sriramk/Quadruped-PyMPC/quadruped_pympc/acados/lib /opt/cmake-3.28.3-linux-x86_64/bin/cmake /home/sriramk/unitree_ws/src/go1_tools_low -DAMENT_CMAKE_SYMLINK_INSTALL=1 -DCMAKE_INSTALL_PREFIX=/home/sriramk/unitree_ws/install/go1_tools_low
[5.955s] DEBUG:colcon.colcon_core.event_handler.log_command:Invoking command in '/home/sriramk/unitree_ws/build/go1_tools_low': CMAKE_PREFIX_PATH=/home/sriramk/unitree_ws/install/ros2_unitree_legged_msgs:/home/sriramk/unitree_ws/install/unitree_legged_real:/home/sriramk/unitree_ws/install/go1_tools_low:/home/sriramk/unitree_ws/install/go1_tools_high:/home/sriramk/unitree_ws/install/go1_description:/home/sriramk/Quadruped-PyMPC/ros2/msgs_ws/install/dls2_interface:/home/sriramk/UFactory-850/install/xarm_planner:/home/sriramk/UFactory-850/install/xarm_moveit_servo:/home/sriramk/UFactory-850/install/xarm_moveit_config:/home/sriramk/UFactory-850/install/xarm_gazebo:/home/sriramk/UFactory-850/install/xarm_controller:/home/sriramk/UFactory-850/install/d435i_xarm_setup:/home/sriramk/UFactory-850/install/xarm_api:/home/sriramk/UFactory-850/install/xarm_sdk:/home/sriramk/UFactory-850/install/xarm_msgs:/home/sriramk/UFactory-850/install/xarm_description:/home/sriramk/UFactory-850/install/realsense_gazebo_plugin:/home/sriramk/UFactory-850/install/mbot_demo:/home/sriramk/UFactory-850/install/uf_ros_lib:/opt/ros/humble LD_LIBRARY_PATH=/home/sriramk/unitree_ws/install/ros2_unitree_legged_msgs/lib:/home/sriramk/unitree_ws/install/unitree_legged_real/lib:/home/sriramk/unitree_ws/install/go1_tools_low/lib:/home/sriramk/unitree_ws/install/go1_tools_high/lib:/home/sriramk/Quadruped-PyMPC/ros2/msgs_ws/install/dls2_interface/lib:/home/sriramk/UFactory-850/install/xarm_planner/lib:/home/sriramk/UFactory-850/install/xarm_moveit_servo/lib:/home/sriramk/UFactory-850/install/xarm_gazebo/lib:/home/sriramk/UFactory-850/install/xarm_controller/lib:/home/sriramk/UFactory-850/install/xarm_api/lib:/home/sriramk/UFactory-850/install/xarm_sdk/lib:/home/sriramk/UFactory-850/install/xarm_msgs/lib:/home/sriramk/UFactory-850/install/realsense_gazebo_plugin/lib:/usr/lib/x86_64-linux-gnu/gazebo-11/plugins:/opt/ros/humble/opt/rviz_ogre_vendor/lib:/opt/ros/humble/lib/x86_64-linux-gnu:/opt/ros/humble/lib:/home/sriramk/Quadruped-PyMPC/quadruped_pympc/acados/lib /opt/cmake-3.28.3-linux-x86_64/bin/cmake --build /home/sriramk/unitree_ws/build/go1_tools_low -- -j24 -l24
[5.973s] DEBUG:colcon.colcon_core.event_handler.log_command:Invoked command in '/home/sriramk/unitree_ws/build/unitree_legged_real' returned '0': CMAKE_PREFIX_PATH=/home/sriramk/unitree_ws/install/ros2_unitree_legged_msgs:/home/sriramk/unitree_ws/install/unitree_legged_real:/home/sriramk/unitree_ws/install/go1_tools_low:/home/sriramk/unitree_ws/install/go1_tools_high:/home/sriramk/unitree_ws/install/go1_description:/home/sriramk/Quadruped-PyMPC/ros2/msgs_ws/install/dls2_interface:/home/sriramk/UFactory-850/install/xarm_planner:/home/sriramk/UFactory-850/install/xarm_moveit_servo:/home/sriramk/UFactory-850/install/xarm_moveit_config:/home/sriramk/UFactory-850/install/xarm_gazebo:/home/sriramk/UFactory-850/install/xarm_controller:/home/sriramk/UFactory-850/install/d435i_xarm_setup:/home/sriramk/UFactory-850/install/xarm_api:/home/sriramk/UFactory-850/install/xarm_sdk:/home/sriramk/UFactory-850/install/xarm_msgs:/home/sriramk/UFactory-850/install/xarm_description:/home/sriramk/UFactory-850/install/realsense_gazebo_plugin:/home/sriramk/UFactory-850/install/mbot_demo:/home/sriramk/UFactory-850/install/uf_ros_lib:/opt/ros/humble LD_LIBRARY_PATH=/home/sriramk/unitree_ws/install/ros2_unitree_legged_msgs/lib:/home/sriramk/unitree_ws/install/unitree_legged_real/lib:/home/sriramk/unitree_ws/install/go1_tools_low/lib:/home/sriramk/unitree_ws/install/go1_tools_high/lib:/home/sriramk/Quadruped-PyMPC/ros2/msgs_ws/install/dls2_interface/lib:/home/sriramk/UFactory-850/install/xarm_planner/lib:/home/sriramk/UFactory-850/install/xarm_moveit_servo/lib:/home/sriramk/UFactory-850/install/xarm_gazebo/lib:/home/sriramk/UFactory-850/install/xarm_controller/lib:/home/sriramk/UFactory-850/install/xarm_api/lib:/home/sriramk/UFactory-850/install/xarm_sdk/lib:/home/sriramk/UFactory-850/install/xarm_msgs/lib:/home/sriramk/UFactory-850/install/realsense_gazebo_plugin/lib:/usr/lib/x86_64-linux-gnu/gazebo-11/plugins:/opt/ros/humble/opt/rviz_ogre_vendor/lib:/opt/ros/humble/lib/x86_64-linux-gnu:/opt/ros/humble/lib:/home/sriramk/Quadruped-PyMPC/quadruped_pympc/acados/lib /opt/cmake-3.28.3-linux-x86_64/bin/cmake /home/sriramk/unitree_ws/src/unitree_ros2/unitree_legged_real -DAMENT_CMAKE_SYMLINK_INSTALL=1 -DCMAKE_INSTALL_PREFIX=/home/sriramk/unitree_ws/install/unitree_legged_real
[5.974s] DEBUG:colcon.colcon_core.event_handler.log_command:Invoking command in '/home/sriramk/unitree_ws/build/unitree_legged_real': CMAKE_PREFIX_PATH=/home/sriramk/unitree_ws/install/ros2_unitree_legged_msgs:/home/sriramk/unitree_ws/install/unitree_legged_real:/home/sriramk/unitree_ws/install/go1_tools_low:/home/sriramk/unitree_ws/install/go1_tools_high:/home/sriramk/unitree_ws/install/go1_description:/home/sriramk/Quadruped-PyMPC/ros2/msgs_ws/install/dls2_interface:/home/sriramk/UFactory-850/install/xarm_planner:/home/sriramk/UFactory-850/install/xarm_moveit_servo:/home/sriramk/UFactory-850/install/xarm_moveit_config:/home/sriramk/UFactory-850/install/xarm_gazebo:/home/sriramk/UFactory-850/install/xarm_controller:/home/sriramk/UFactory-850/install/d435i_xarm_setup:/home/sriramk/UFactory-850/install/xarm_api:/home/sriramk/UFactory-850/install/xarm_sdk:/home/sriramk/UFactory-850/install/xarm_msgs:/home/sriramk/UFactory-850/install/xarm_description:/home/sriramk/UFactory-850/install/realsense_gazebo_plugin:/home/sriramk/UFactory-850/install/mbot_demo:/home/sriramk/UFactory-850/install/uf_ros_lib:/opt/ros/humble LD_LIBRARY_PATH=/home/sriramk/unitree_ws/install/ros2_unitree_legged_msgs/lib:/home/sriramk/unitree_ws/install/unitree_legged_real/lib:/home/sriramk/unitree_ws/install/go1_tools_low/lib:/home/sriramk/unitree_ws/install/go1_tools_high/lib:/home/sriramk/Quadruped-PyMPC/ros2/msgs_ws/install/dls2_interface/lib:/home/sriramk/UFactory-850/install/xarm_planner/lib:/home/sriramk/UFactory-850/install/xarm_moveit_servo/lib:/home/sriramk/UFactory-850/install/xarm_gazebo/lib:/home/sriramk/UFactory-850/install/xarm_controller/lib:/home/sriramk/UFactory-850/install/xarm_api/lib:/home/sriramk/UFactory-850/install/xarm_sdk/lib:/home/sriramk/UFactory-850/install/xarm_msgs/lib:/home/sriramk/UFactory-850/install/realsense_gazebo_plugin/lib:/usr/lib/x86_64-linux-gnu/gazebo-11/plugins:/opt/ros/humble/opt/rviz_ogre_vendor/lib:/opt/ros/humble/lib/x86_64-linux-gnu:/opt/ros/humble/lib:/home/sriramk/Quadruped-PyMPC/quadruped_pympc/acados/lib /opt/cmake-3.28.3-linux-x86_64/bin/cmake --build /home/sriramk/unitree_ws/build/unitree_legged_real -- -j24 -l24
[9.139s] DEBUG:colcon.colcon_core.event_handler.log_command:Invoked command in '/home/sriramk/unitree_ws/build/go1_tools_high' returned '0': CMAKE_PREFIX_PATH=/home/sriramk/unitree_ws/install/ros2_unitree_legged_msgs:/home/sriramk/unitree_ws/install/unitree_legged_real:/home/sriramk/unitree_ws/install/go1_tools_low:/home/sriramk/unitree_ws/install/go1_tools_high:/home/sriramk/unitree_ws/install/go1_description:/home/sriramk/Quadruped-PyMPC/ros2/msgs_ws/install/dls2_interface:/home/sriramk/UFactory-850/install/xarm_planner:/home/sriramk/UFactory-850/install/xarm_moveit_servo:/home/sriramk/UFactory-850/install/xarm_moveit_config:/home/sriramk/UFactory-850/install/xarm_gazebo:/home/sriramk/UFactory-850/install/xarm_controller:/home/sriramk/UFactory-850/install/d435i_xarm_setup:/home/sriramk/UFactory-850/install/xarm_api:/home/sriramk/UFactory-850/install/xarm_sdk:/home/sriramk/UFactory-850/install/xarm_msgs:/home/sriramk/UFactory-850/install/xarm_description:/home/sriramk/UFactory-850/install/realsense_gazebo_plugin:/home/sriramk/UFactory-850/install/mbot_demo:/home/sriramk/UFactory-850/install/uf_ros_lib:/opt/ros/humble LD_LIBRARY_PATH=/home/sriramk/unitree_ws/install/ros2_unitree_legged_msgs/lib:/home/sriramk/unitree_ws/install/unitree_legged_real/lib:/home/sriramk/unitree_ws/install/go1_tools_low/lib:/home/sriramk/unitree_ws/install/go1_tools_high/lib:/home/sriramk/Quadruped-PyMPC/ros2/msgs_ws/install/dls2_interface/lib:/home/sriramk/UFactory-850/install/xarm_planner/lib:/home/sriramk/UFactory-850/install/xarm_moveit_servo/lib:/home/sriramk/UFactory-850/install/xarm_gazebo/lib:/home/sriramk/UFactory-850/install/xarm_controller/lib:/home/sriramk/UFactory-850/install/xarm_api/lib:/home/sriramk/UFactory-850/install/xarm_sdk/lib:/home/sriramk/UFactory-850/install/xarm_msgs/lib:/home/sriramk/UFactory-850/install/realsense_gazebo_plugin/lib:/usr/lib/x86_64-linux-gnu/gazebo-11/plugins:/opt/ros/humble/opt/rviz_ogre_vendor/lib:/opt/ros/humble/lib/x86_64-linux-gnu:/opt/ros/humble/lib:/home/sriramk/Quadruped-PyMPC/quadruped_pympc/acados/lib /opt/cmake-3.28.3-linux-x86_64/bin/cmake --build /home/sriramk/unitree_ws/build/go1_tools_high -- -j24 -l24
[9.140s] DEBUG:colcon.colcon_core.event_handler.log_command:Invoking command in '/home/sriramk/unitree_ws/build/go1_tools_high': CMAKE_PREFIX_PATH=/home/sriramk/unitree_ws/install/ros2_unitree_legged_msgs:/home/sriramk/unitree_ws/install/unitree_legged_real:/home/sriramk/unitree_ws/install/go1_tools_low:/home/sriramk/unitree_ws/install/go1_tools_high:/home/sriramk/unitree_ws/install/go1_description:/home/sriramk/Quadruped-PyMPC/ros2/msgs_ws/install/dls2_interface:/home/sriramk/UFactory-850/install/xarm_planner:/home/sriramk/UFactory-850/install/xarm_moveit_servo:/home/sriramk/UFactory-850/install/xarm_moveit_config:/home/sriramk/UFactory-850/install/xarm_gazebo:/home/sriramk/UFactory-850/install/xarm_controller:/home/sriramk/UFactory-850/install/d435i_xarm_setup:/home/sriramk/UFactory-850/install/xarm_api:/home/sriramk/UFactory-850/install/xarm_sdk:/home/sriramk/UFactory-850/install/xarm_msgs:/home/sriramk/UFactory-850/install/xarm_description:/home/sriramk/UFactory-850/install/realsense_gazebo_plugin:/home/sriramk/UFactory-850/install/mbot_demo:/home/sriramk/UFactory-850/install/uf_ros_lib:/opt/ros/humble LD_LIBRARY_PATH=/home/sriramk/unitree_ws/install/ros2_unitree_legged_msgs/lib:/home/sriramk/unitree_ws/install/unitree_legged_real/lib:/home/sriramk/unitree_ws/install/go1_tools_low/lib:/home/sriramk/unitree_ws/install/go1_tools_high/lib:/home/sriramk/Quadruped-PyMPC/ros2/msgs_ws/install/dls2_interface/lib:/home/sriramk/UFactory-850/install/xarm_planner/lib:/home/sriramk/UFactory-850/install/xarm_moveit_servo/lib:/home/sriramk/UFactory-850/install/xarm_gazebo/lib:/home/sriramk/UFactory-850/install/xarm_controller/lib:/home/sriramk/UFactory-850/install/xarm_api/lib:/home/sriramk/UFactory-850/install/xarm_sdk/lib:/home/sriramk/UFactory-850/install/xarm_msgs/lib:/home/sriramk/UFactory-850/install/realsense_gazebo_plugin/lib:/usr/lib/x86_64-linux-gnu/gazebo-11/plugins:/opt/ros/humble/opt/rviz_ogre_vendor/lib:/opt/ros/humble/lib/x86_64-linux-gnu:/opt/ros/humble/lib:/home/sriramk/Quadruped-PyMPC/quadruped_pympc/acados/lib /opt/cmake-3.28.3-linux-x86_64/bin/cmake --install /home/sriramk/unitree_ws/build/go1_tools_high
[9.190s] Level 1:colcon.colcon_core.environment:create_environment_scripts_only(go1_tools_high)
[9.190s] Level 1:colcon.colcon_core.environment:checking '/home/sriramk/unitree_ws/install/go1_tools_high' for CMake module files
[9.191s] DEBUG:colcon.colcon_core.event_handler.log_command:Invoked command in '/home/sriramk/unitree_ws/build/go1_tools_high' returned '0': CMAKE_PREFIX_PATH=/home/sriramk/unitree_ws/install/ros2_unitree_legged_msgs:/home/sriramk/unitree_ws/install/unitree_legged_real:/home/sriramk/unitree_ws/install/go1_tools_low:/home/sriramk/unitree_ws/install/go1_tools_high:/home/sriramk/unitree_ws/install/go1_description:/home/sriramk/Quadruped-PyMPC/ros2/msgs_ws/install/dls2_interface:/home/sriramk/UFactory-850/install/xarm_planner:/home/sriramk/UFactory-850/install/xarm_moveit_servo:/home/sriramk/UFactory-850/install/xarm_moveit_config:/home/sriramk/UFactory-850/install/xarm_gazebo:/home/sriramk/UFactory-850/install/xarm_controller:/home/sriramk/UFactory-850/install/d435i_xarm_setup:/home/sriramk/UFactory-850/install/xarm_api:/home/sriramk/UFactory-850/install/xarm_sdk:/home/sriramk/UFactory-850/install/xarm_msgs:/home/sriramk/UFactory-850/install/xarm_description:/home/sriramk/UFactory-850/install/realsense_gazebo_plugin:/home/sriramk/UFactory-850/install/mbot_demo:/home/sriramk/UFactory-850/install/uf_ros_lib:/opt/ros/humble LD_LIBRARY_PATH=/home/sriramk/unitree_ws/install/ros2_unitree_legged_msgs/lib:/home/sriramk/unitree_ws/install/unitree_legged_real/lib:/home/sriramk/unitree_ws/install/go1_tools_low/lib:/home/sriramk/unitree_ws/install/go1_tools_high/lib:/home/sriramk/Quadruped-PyMPC/ros2/msgs_ws/install/dls2_interface/lib:/home/sriramk/UFactory-850/install/xarm_planner/lib:/home/sriramk/UFactory-850/install/xarm_moveit_servo/lib:/home/sriramk/UFactory-850/install/xarm_gazebo/lib:/home/sriramk/UFactory-850/install/xarm_controller/lib:/home/sriramk/UFactory-850/install/xarm_api/lib:/home/sriramk/UFactory-850/install/xarm_sdk/lib:/home/sriramk/UFactory-850/install/xarm_msgs/lib:/home/sriramk/UFactory-850/install/realsense_gazebo_plugin/lib:/usr/lib/x86_64-linux-gnu/gazebo-11/plugins:/opt/ros/humble/opt/rviz_ogre_vendor/lib:/opt/ros/humble/lib/x86_64-linux-gnu:/opt/ros/humble/lib:/home/sriramk/Quadruped-PyMPC/quadruped_pympc/acados/lib /opt/cmake-3.28.3-linux-x86_64/bin/cmake --install /home/sriramk/unitree_ws/build/go1_tools_high
[9.191s] Level 1:colcon.colcon_core.environment:checking '/home/sriramk/unitree_ws/install/go1_tools_high' for CMake config files
[9.191s] Level 1:colcon.colcon_core.shell:create_environment_hook('go1_tools_high', 'cmake_prefix_path')
[9.192s] INFO:colcon.colcon_core.shell:Creating environment hook '/home/sriramk/unitree_ws/install/go1_tools_high/share/go1_tools_high/hook/cmake_prefix_path.ps1'
[9.192s] INFO:colcon.colcon_core.shell:Creating environment descriptor '/home/sriramk/unitree_ws/install/go1_tools_high/share/go1_tools_high/hook/cmake_prefix_path.dsv'
[9.193s] INFO:colcon.colcon_core.shell:Creating environment hook '/home/sriramk/unitree_ws/install/go1_tools_high/share/go1_tools_high/hook/cmake_prefix_path.sh'
[9.193s] Level 1:colcon.colcon_core.environment:checking '/home/sriramk/unitree_ws/install/go1_tools_high/lib'
[9.193s] Level 1:colcon.colcon_core.shell:create_environment_hook('go1_tools_high', 'ld_library_path_lib')
[9.193s] INFO:colcon.colcon_core.shell:Creating environment hook '/home/sriramk/unitree_ws/install/go1_tools_high/share/go1_tools_high/hook/ld_library_path_lib.ps1'
[9.194s] INFO:colcon.colcon_core.shell:Creating environment descriptor '/home/sriramk/unitree_ws/install/go1_tools_high/share/go1_tools_high/hook/ld_library_path_lib.dsv'
[9.194s] INFO:colcon.colcon_core.shell:Creating environment hook '/home/sriramk/unitree_ws/install/go1_tools_high/share/go1_tools_high/hook/ld_library_path_lib.sh'
[9.195s] Level 1:colcon.colcon_core.environment:checking '/home/sriramk/unitree_ws/install/go1_tools_high/bin'
[9.195s] Level 1:colcon.colcon_core.environment:checking '/home/sriramk/unitree_ws/install/go1_tools_high/lib/pkgconfig/go1_tools_high.pc'
[9.195s] Level 1:colcon.colcon_core.environment:checking '/home/sriramk/unitree_ws/install/go1_tools_high/lib/python3.10/site-packages'
[9.195s] Level 1:colcon.colcon_core.environment:checking '/home/sriramk/unitree_ws/install/go1_tools_high/bin'
[9.195s] INFO:colcon.colcon_core.shell:Creating package script '/home/sriramk/unitree_ws/install/go1_tools_high/share/go1_tools_high/package.ps1'
[9.196s] INFO:colcon.colcon_core.shell:Creating package descriptor '/home/sriramk/unitree_ws/install/go1_tools_high/share/go1_tools_high/package.dsv'
[9.196s] INFO:colcon.colcon_core.shell:Creating package script '/home/sriramk/unitree_ws/install/go1_tools_high/share/go1_tools_high/package.sh'
[9.197s] INFO:colcon.colcon_core.shell:Creating package script '/home/sriramk/unitree_ws/install/go1_tools_high/share/go1_tools_high/package.bash'
[9.197s] INFO:colcon.colcon_core.shell:Creating package script '/home/sriramk/unitree_ws/install/go1_tools_high/share/go1_tools_high/package.zsh'
[9.198s] Level 1:colcon.colcon_core.environment:create_file_with_runtime_dependencies(/home/sriramk/unitree_ws/install/go1_tools_high/share/colcon-core/packages/go1_tools_high)
[9.198s] Level 1:colcon.colcon_core.environment:create_environment_scripts_only(go1_tools_high)
[9.199s] Level 1:colcon.colcon_core.environment:checking '/home/sriramk/unitree_ws/install/go1_tools_high' for CMake module files
[9.199s] Level 1:colcon.colcon_core.environment:checking '/home/sriramk/unitree_ws/install/go1_tools_high' for CMake config files
[9.199s] Level 1:colcon.colcon_core.shell:create_environment_hook('go1_tools_high', 'cmake_prefix_path')
[9.200s] INFO:colcon.colcon_core.shell:Creating environment hook '/home/sriramk/unitree_ws/install/go1_tools_high/share/go1_tools_high/hook/cmake_prefix_path.ps1'
[9.200s] INFO:colcon.colcon_core.shell:Creating environment descriptor '/home/sriramk/unitree_ws/install/go1_tools_high/share/go1_tools_high/hook/cmake_prefix_path.dsv'
[9.200s] INFO:colcon.colcon_core.shell:Creating environment hook '/home/sriramk/unitree_ws/install/go1_tools_high/share/go1_tools_high/hook/cmake_prefix_path.sh'
[9.201s] Level 1:colcon.colcon_core.environment:checking '/home/sriramk/unitree_ws/install/go1_tools_high/lib'
[9.201s] Level 1:colcon.colcon_core.shell:create_environment_hook('go1_tools_high', 'ld_library_path_lib')
[9.201s] INFO:colcon.colcon_core.shell:Creating environment hook '/home/sriramk/unitree_ws/install/go1_tools_high/share/go1_tools_high/hook/ld_library_path_lib.ps1'
[9.202s] INFO:colcon.colcon_core.shell:Creating environment descriptor '/home/sriramk/unitree_ws/install/go1_tools_high/share/go1_tools_high/hook/ld_library_path_lib.dsv'
[9.202s] INFO:colcon.colcon_core.shell:Creating environment hook '/home/sriramk/unitree_ws/install/go1_tools_high/share/go1_tools_high/hook/ld_library_path_lib.sh'
[9.203s] Level 1:colcon.colcon_core.environment:checking '/home/sriramk/unitree_ws/install/go1_tools_high/bin'
[9.203s] Level 1:colcon.colcon_core.environment:checking '/home/sriramk/unitree_ws/install/go1_tools_high/lib/pkgconfig/go1_tools_high.pc'
[9.203s] Level 1:colcon.colcon_core.environment:checking '/home/sriramk/unitree_ws/install/go1_tools_high/lib/python3.10/site-packages'
[9.203s] Level 1:colcon.colcon_core.environment:checking '/home/sriramk/unitree_ws/install/go1_tools_high/bin'
[9.203s] INFO:colcon.colcon_core.shell:Creating package script '/home/sriramk/unitree_ws/install/go1_tools_high/share/go1_tools_high/package.ps1'
[9.204s] INFO:colcon.colcon_core.shell:Creating package descriptor '/home/sriramk/unitree_ws/install/go1_tools_high/share/go1_tools_high/package.dsv'
[9.204s] INFO:colcon.colcon_core.shell:Creating package script '/home/sriramk/unitree_ws/install/go1_tools_high/share/go1_tools_high/package.sh'
[9.205s] INFO:colcon.colcon_core.shell:Creating package script '/home/sriramk/unitree_ws/install/go1_tools_high/share/go1_tools_high/package.bash'
[9.205s] INFO:colcon.colcon_core.shell:Creating package script '/home/sriramk/unitree_ws/install/go1_tools_high/share/go1_tools_high/package.zsh'
[9.206s] Level 1:colcon.colcon_core.environment:create_file_with_runtime_dependencies(/home/sriramk/unitree_ws/install/go1_tools_high/share/colcon-core/packages/go1_tools_high)
[12.074s] DEBUG:colcon.colcon_core.event_handler.log_command:Invoked command in '/home/sriramk/unitree_ws/build/go1_tools_low' returned '0': CMAKE_PREFIX_PATH=/home/sriramk/unitree_ws/install/ros2_unitree_legged_msgs:/home/sriramk/unitree_ws/install/unitree_legged_real:/home/sriramk/unitree_ws/install/go1_tools_low:/home/sriramk/unitree_ws/install/go1_tools_high:/home/sriramk/unitree_ws/install/go1_description:/home/sriramk/Quadruped-PyMPC/ros2/msgs_ws/install/dls2_interface:/home/sriramk/UFactory-850/install/xarm_planner:/home/sriramk/UFactory-850/install/xarm_moveit_servo:/home/sriramk/UFactory-850/install/xarm_moveit_config:/home/sriramk/UFactory-850/install/xarm_gazebo:/home/sriramk/UFactory-850/install/xarm_controller:/home/sriramk/UFactory-850/install/d435i_xarm_setup:/home/sriramk/UFactory-850/install/xarm_api:/home/sriramk/UFactory-850/install/xarm_sdk:/home/sriramk/UFactory-850/install/xarm_msgs:/home/sriramk/UFactory-850/install/xarm_description:/home/sriramk/UFactory-850/install/realsense_gazebo_plugin:/home/sriramk/UFactory-850/install/mbot_demo:/home/sriramk/UFactory-850/install/uf_ros_lib:/opt/ros/humble LD_LIBRARY_PATH=/home/sriramk/unitree_ws/install/ros2_unitree_legged_msgs/lib:/home/sriramk/unitree_ws/install/unitree_legged_real/lib:/home/sriramk/unitree_ws/install/go1_tools_low/lib:/home/sriramk/unitree_ws/install/go1_tools_high/lib:/home/sriramk/Quadruped-PyMPC/ros2/msgs_ws/install/dls2_interface/lib:/home/sriramk/UFactory-850/install/xarm_planner/lib:/home/sriramk/UFactory-850/install/xarm_moveit_servo/lib:/home/sriramk/UFactory-850/install/xarm_gazebo/lib:/home/sriramk/UFactory-850/install/xarm_controller/lib:/home/sriramk/UFactory-850/install/xarm_api/lib:/home/sriramk/UFactory-850/install/xarm_sdk/lib:/home/sriramk/UFactory-850/install/xarm_msgs/lib:/home/sriramk/UFactory-850/install/realsense_gazebo_plugin/lib:/usr/lib/x86_64-linux-gnu/gazebo-11/plugins:/opt/ros/humble/opt/rviz_ogre_vendor/lib:/opt/ros/humble/lib/x86_64-linux-gnu:/opt/ros/humble/lib:/home/sriramk/Quadruped-PyMPC/quadruped_pympc/acados/lib /opt/cmake-3.28.3-linux-x86_64/bin/cmake --build /home/sriramk/unitree_ws/build/go1_tools_low -- -j24 -l24
[12.075s] DEBUG:colcon.colcon_core.event_handler.log_command:Invoking command in '/home/sriramk/unitree_ws/build/go1_tools_low': CMAKE_PREFIX_PATH=/home/sriramk/unitree_ws/install/ros2_unitree_legged_msgs:/home/sriramk/unitree_ws/install/unitree_legged_real:/home/sriramk/unitree_ws/install/go1_tools_low:/home/sriramk/unitree_ws/install/go1_tools_high:/home/sriramk/unitree_ws/install/go1_description:/home/sriramk/Quadruped-PyMPC/ros2/msgs_ws/install/dls2_interface:/home/sriramk/UFactory-850/install/xarm_planner:/home/sriramk/UFactory-850/install/xarm_moveit_servo:/home/sriramk/UFactory-850/install/xarm_moveit_config:/home/sriramk/UFactory-850/install/xarm_gazebo:/home/sriramk/UFactory-850/install/xarm_controller:/home/sriramk/UFactory-850/install/d435i_xarm_setup:/home/sriramk/UFactory-850/install/xarm_api:/home/sriramk/UFactory-850/install/xarm_sdk:/home/sriramk/UFactory-850/install/xarm_msgs:/home/sriramk/UFactory-850/install/xarm_description:/home/sriramk/UFactory-850/install/realsense_gazebo_plugin:/home/sriramk/UFactory-850/install/mbot_demo:/home/sriramk/UFactory-850/install/uf_ros_lib:/opt/ros/humble LD_LIBRARY_PATH=/home/sriramk/unitree_ws/install/ros2_unitree_legged_msgs/lib:/home/sriramk/unitree_ws/install/unitree_legged_real/lib:/home/sriramk/unitree_ws/install/go1_tools_low/lib:/home/sriramk/unitree_ws/install/go1_tools_high/lib:/home/sriramk/Quadruped-PyMPC/ros2/msgs_ws/install/dls2_interface/lib:/home/sriramk/UFactory-850/install/xarm_planner/lib:/home/sriramk/UFactory-850/install/xarm_moveit_servo/lib:/home/sriramk/UFactory-850/install/xarm_gazebo/lib:/home/sriramk/UFactory-850/install/xarm_controller/lib:/home/sriramk/UFactory-850/install/xarm_api/lib:/home/sriramk/UFactory-850/install/xarm_sdk/lib:/home/sriramk/UFactory-850/install/xarm_msgs/lib:/home/sriramk/UFactory-850/install/realsense_gazebo_plugin/lib:/usr/lib/x86_64-linux-gnu/gazebo-11/plugins:/opt/ros/humble/opt/rviz_ogre_vendor/lib:/opt/ros/humble/lib/x86_64-linux-gnu:/opt/ros/humble/lib:/home/sriramk/Quadruped-PyMPC/quadruped_pympc/acados/lib /opt/cmake-3.28.3-linux-x86_64/bin/cmake --install /home/sriramk/unitree_ws/build/go1_tools_low
[12.125s] Level 1:colcon.colcon_core.environment:create_environment_scripts_only(go1_tools_low)
[12.126s] Level 1:colcon.colcon_core.environment:checking '/home/sriramk/unitree_ws/install/go1_tools_low' for CMake module files
[12.126s] DEBUG:colcon.colcon_core.event_handler.log_command:Invoked command in '/home/sriramk/unitree_ws/build/go1_tools_low' returned '0': CMAKE_PREFIX_PATH=/home/sriramk/unitree_ws/install/ros2_unitree_legged_msgs:/home/sriramk/unitree_ws/install/unitree_legged_real:/home/sriramk/unitree_ws/install/go1_tools_low:/home/sriramk/unitree_ws/install/go1_tools_high:/home/sriramk/unitree_ws/install/go1_description:/home/sriramk/Quadruped-PyMPC/ros2/msgs_ws/install/dls2_interface:/home/sriramk/UFactory-850/install/xarm_planner:/home/sriramk/UFactory-850/install/xarm_moveit_servo:/home/sriramk/UFactory-850/install/xarm_moveit_config:/home/sriramk/UFactory-850/install/xarm_gazebo:/home/sriramk/UFactory-850/install/xarm_controller:/home/sriramk/UFactory-850/install/d435i_xarm_setup:/home/sriramk/UFactory-850/install/xarm_api:/home/sriramk/UFactory-850/install/xarm_sdk:/home/sriramk/UFactory-850/install/xarm_msgs:/home/sriramk/UFactory-850/install/xarm_description:/home/sriramk/UFactory-850/install/realsense_gazebo_plugin:/home/sriramk/UFactory-850/install/mbot_demo:/home/sriramk/UFactory-850/install/uf_ros_lib:/opt/ros/humble LD_LIBRARY_PATH=/home/sriramk/unitree_ws/install/ros2_unitree_legged_msgs/lib:/home/sriramk/unitree_ws/install/unitree_legged_real/lib:/home/sriramk/unitree_ws/install/go1_tools_low/lib:/home/sriramk/unitree_ws/install/go1_tools_high/lib:/home/sriramk/Quadruped-PyMPC/ros2/msgs_ws/install/dls2_interface/lib:/home/sriramk/UFactory-850/install/xarm_planner/lib:/home/sriramk/UFactory-850/install/xarm_moveit_servo/lib:/home/sriramk/UFactory-850/install/xarm_gazebo/lib:/home/sriramk/UFactory-850/install/xarm_controller/lib:/home/sriramk/UFactory-850/install/xarm_api/lib:/home/sriramk/UFactory-850/install/xarm_sdk/lib:/home/sriramk/UFactory-850/install/xarm_msgs/lib:/home/sriramk/UFactory-850/install/realsense_gazebo_plugin/lib:/usr/lib/x86_64-linux-gnu/gazebo-11/plugins:/opt/ros/humble/opt/rviz_ogre_vendor/lib:/opt/ros/humble/lib/x86_64-linux-gnu:/opt/ros/humble/lib:/home/sriramk/Quadruped-PyMPC/quadruped_pympc/acados/lib /opt/cmake-3.28.3-linux-x86_64/bin/cmake --install /home/sriramk/unitree_ws/build/go1_tools_low
[12.126s] Level 1:colcon.colcon_core.environment:checking '/home/sriramk/unitree_ws/install/go1_tools_low' for CMake config files
[12.127s] Level 1:colcon.colcon_core.shell:create_environment_hook('go1_tools_low', 'cmake_prefix_path')
[12.127s] INFO:colcon.colcon_core.shell:Creating environment hook '/home/sriramk/unitree_ws/install/go1_tools_low/share/go1_tools_low/hook/cmake_prefix_path.ps1'
[12.127s] INFO:colcon.colcon_core.shell:Creating environment descriptor '/home/sriramk/unitree_ws/install/go1_tools_low/share/go1_tools_low/hook/cmake_prefix_path.dsv'
[12.128s] INFO:colcon.colcon_core.shell:Creating environment hook '/home/sriramk/unitree_ws/install/go1_tools_low/share/go1_tools_low/hook/cmake_prefix_path.sh'
[12.128s] Level 1:colcon.colcon_core.environment:checking '/home/sriramk/unitree_ws/install/go1_tools_low/lib'
[12.128s] Level 1:colcon.colcon_core.shell:create_environment_hook('go1_tools_low', 'ld_library_path_lib')
[12.128s] INFO:colcon.colcon_core.shell:Creating environment hook '/home/sriramk/unitree_ws/install/go1_tools_low/share/go1_tools_low/hook/ld_library_path_lib.ps1'
[12.129s] INFO:colcon.colcon_core.shell:Creating environment descriptor '/home/sriramk/unitree_ws/install/go1_tools_low/share/go1_tools_low/hook/ld_library_path_lib.dsv'
[12.129s] INFO:colcon.colcon_core.shell:Creating environment hook '/home/sriramk/unitree_ws/install/go1_tools_low/share/go1_tools_low/hook/ld_library_path_lib.sh'
[12.129s] Level 1:colcon.colcon_core.environment:checking '/home/sriramk/unitree_ws/install/go1_tools_low/bin'
[12.129s] Level 1:colcon.colcon_core.environment:checking '/home/sriramk/unitree_ws/install/go1_tools_low/lib/pkgconfig/go1_tools_low.pc'
[12.130s] Level 1:colcon.colcon_core.environment:checking '/home/sriramk/unitree_ws/install/go1_tools_low/lib/python3.10/site-packages'
[12.130s] Level 1:colcon.colcon_core.environment:checking '/home/sriramk/unitree_ws/install/go1_tools_low/bin'
[12.130s] INFO:colcon.colcon_core.shell:Creating package script '/home/sriramk/unitree_ws/install/go1_tools_low/share/go1_tools_low/package.ps1'
[12.131s] INFO:colcon.colcon_core.shell:Creating package descriptor '/home/sriramk/unitree_ws/install/go1_tools_low/share/go1_tools_low/package.dsv'
[12.131s] INFO:colcon.colcon_core.shell:Creating package script '/home/sriramk/unitree_ws/install/go1_tools_low/share/go1_tools_low/package.sh'
[12.131s] INFO:colcon.colcon_core.shell:Creating package script '/home/sriramk/unitree_ws/install/go1_tools_low/share/go1_tools_low/package.bash'
[12.132s] INFO:colcon.colcon_core.shell:Creating package script '/home/sriramk/unitree_ws/install/go1_tools_low/share/go1_tools_low/package.zsh'
[12.132s] Level 1:colcon.colcon_core.environment:create_file_with_runtime_dependencies(/home/sriramk/unitree_ws/install/go1_tools_low/share/colcon-core/packages/go1_tools_low)
[12.133s] Level 1:colcon.colcon_core.environment:create_environment_scripts_only(go1_tools_low)
[12.133s] Level 1:colcon.colcon_core.environment:checking '/home/sriramk/unitree_ws/install/go1_tools_low' for CMake module files
[12.133s] Level 1:colcon.colcon_core.environment:checking '/home/sriramk/unitree_ws/install/go1_tools_low' for CMake config files
[12.133s] Level 1:colcon.colcon_core.shell:create_environment_hook('go1_tools_low', 'cmake_prefix_path')
[12.134s] INFO:colcon.colcon_core.shell:Creating environment hook '/home/sriramk/unitree_ws/install/go1_tools_low/share/go1_tools_low/hook/cmake_prefix_path.ps1'
[12.134s] INFO:colcon.colcon_core.shell:Creating environment descriptor '/home/sriramk/unitree_ws/install/go1_tools_low/share/go1_tools_low/hook/cmake_prefix_path.dsv'
[12.134s] INFO:colcon.colcon_core.shell:Creating environment hook '/home/sriramk/unitree_ws/install/go1_tools_low/share/go1_tools_low/hook/cmake_prefix_path.sh'
[12.135s] Level 1:colcon.colcon_core.environment:checking '/home/sriramk/unitree_ws/install/go1_tools_low/lib'
[12.135s] Level 1:colcon.colcon_core.shell:create_environment_hook('go1_tools_low', 'ld_library_path_lib')
[12.135s] INFO:colcon.colcon_core.shell:Creating environment hook '/home/sriramk/unitree_ws/install/go1_tools_low/share/go1_tools_low/hook/ld_library_path_lib.ps1'
[12.135s] INFO:colcon.colcon_core.shell:Creating environment descriptor '/home/sriramk/unitree_ws/install/go1_tools_low/share/go1_tools_low/hook/ld_library_path_lib.dsv'
[12.136s] INFO:colcon.colcon_core.shell:Creating environment hook '/home/sriramk/unitree_ws/install/go1_tools_low/share/go1_tools_low/hook/ld_library_path_lib.sh'
[12.136s] Level 1:colcon.colcon_core.environment:checking '/home/sriramk/unitree_ws/install/go1_tools_low/bin'
[12.136s] Level 1:colcon.colcon_core.environment:checking '/home/sriramk/unitree_ws/install/go1_tools_low/lib/pkgconfig/go1_tools_low.pc'
[12.136s] Level 1:colcon.colcon_core.environment:checking '/home/sriramk/unitree_ws/install/go1_tools_low/lib/python3.10/site-packages'
[12.136s] Level 1:colcon.colcon_core.environment:checking '/home/sriramk/unitree_ws/install/go1_tools_low/bin'
[12.137s] INFO:colcon.colcon_core.shell:Creating package script '/home/sriramk/unitree_ws/install/go1_tools_low/share/go1_tools_low/package.ps1'
[12.137s] INFO:colcon.colcon_core.shell:Creating package descriptor '/home/sriramk/unitree_ws/install/go1_tools_low/share/go1_tools_low/package.dsv'
[12.138s] INFO:colcon.colcon_core.shell:Creating package script '/home/sriramk/unitree_ws/install/go1_tools_low/share/go1_tools_low/package.sh'
[12.138s] INFO:colcon.colcon_core.shell:Creating package script '/home/sriramk/unitree_ws/install/go1_tools_low/share/go1_tools_low/package.bash'
[12.138s] INFO:colcon.colcon_core.shell:Creating package script '/home/sriramk/unitree_ws/install/go1_tools_low/share/go1_tools_low/package.zsh'
[12.139s] Level 1:colcon.colcon_core.environment:create_file_with_runtime_dependencies(/home/sriramk/unitree_ws/install/go1_tools_low/share/colcon-core/packages/go1_tools_low)
[15.455s] DEBUG:colcon.colcon_core.event_handler.log_command:Invoked command in '/home/sriramk/unitree_ws/build/unitree_legged_real' returned '0': CMAKE_PREFIX_PATH=/home/sriramk/unitree_ws/install/ros2_unitree_legged_msgs:/home/sriramk/unitree_ws/install/unitree_legged_real:/home/sriramk/unitree_ws/install/go1_tools_low:/home/sriramk/unitree_ws/install/go1_tools_high:/home/sriramk/unitree_ws/install/go1_description:/home/sriramk/Quadruped-PyMPC/ros2/msgs_ws/install/dls2_interface:/home/sriramk/UFactory-850/install/xarm_planner:/home/sriramk/UFactory-850/install/xarm_moveit_servo:/home/sriramk/UFactory-850/install/xarm_moveit_config:/home/sriramk/UFactory-850/install/xarm_gazebo:/home/sriramk/UFactory-850/install/xarm_controller:/home/sriramk/UFactory-850/install/d435i_xarm_setup:/home/sriramk/UFactory-850/install/xarm_api:/home/sriramk/UFactory-850/install/xarm_sdk:/home/sriramk/UFactory-850/install/xarm_msgs:/home/sriramk/UFactory-850/install/xarm_description:/home/sriramk/UFactory-850/install/realsense_gazebo_plugin:/home/sriramk/UFactory-850/install/mbot_demo:/home/sriramk/UFactory-850/install/uf_ros_lib:/opt/ros/humble LD_LIBRARY_PATH=/home/sriramk/unitree_ws/install/ros2_unitree_legged_msgs/lib:/home/sriramk/unitree_ws/install/unitree_legged_real/lib:/home/sriramk/unitree_ws/install/go1_tools_low/lib:/home/sriramk/unitree_ws/install/go1_tools_high/lib:/home/sriramk/Quadruped-PyMPC/ros2/msgs_ws/install/dls2_interface/lib:/home/sriramk/UFactory-850/install/xarm_planner/lib:/home/sriramk/UFactory-850/install/xarm_moveit_servo/lib:/home/sriramk/UFactory-850/install/xarm_gazebo/lib:/home/sriramk/UFactory-850/install/xarm_controller/lib:/home/sriramk/UFactory-850/install/xarm_api/lib:/home/sriramk/UFactory-850/install/xarm_sdk/lib:/home/sriramk/UFactory-850/install/xarm_msgs/lib:/home/sriramk/UFactory-850/install/realsense_gazebo_plugin/lib:/usr/lib/x86_64-linux-gnu/gazebo-11/plugins:/opt/ros/humble/opt/rviz_ogre_vendor/lib:/opt/ros/humble/lib/x86_64-linux-gnu:/opt/ros/humble/lib:/home/sriramk/Quadruped-PyMPC/quadruped_pympc/acados/lib /opt/cmake-3.28.3-linux-x86_64/bin/cmake --build /home/sriramk/unitree_ws/build/unitree_legged_real -- -j24 -l24
[15.456s] DEBUG:colcon.colcon_core.event_handler.log_command:Invoking command in '/home/sriramk/unitree_ws/build/unitree_legged_real': CMAKE_PREFIX_PATH=/home/sriramk/unitree_ws/install/ros2_unitree_legged_msgs:/home/sriramk/unitree_ws/install/unitree_legged_real:/home/sriramk/unitree_ws/install/go1_tools_low:/home/sriramk/unitree_ws/install/go1_tools_high:/home/sriramk/unitree_ws/install/go1_description:/home/sriramk/Quadruped-PyMPC/ros2/msgs_ws/install/dls2_interface:/home/sriramk/UFactory-850/install/xarm_planner:/home/sriramk/UFactory-850/install/xarm_moveit_servo:/home/sriramk/UFactory-850/install/xarm_moveit_config:/home/sriramk/UFactory-850/install/xarm_gazebo:/home/sriramk/UFactory-850/install/xarm_controller:/home/sriramk/UFactory-850/install/d435i_xarm_setup:/home/sriramk/UFactory-850/install/xarm_api:/home/sriramk/UFactory-850/install/xarm_sdk:/home/sriramk/UFactory-850/install/xarm_msgs:/home/sriramk/UFactory-850/install/xarm_description:/home/sriramk/UFactory-850/install/realsense_gazebo_plugin:/home/sriramk/UFactory-850/install/mbot_demo:/home/sriramk/UFactory-850/install/uf_ros_lib:/opt/ros/humble LD_LIBRARY_PATH=/home/sriramk/unitree_ws/install/ros2_unitree_legged_msgs/lib:/home/sriramk/unitree_ws/install/unitree_legged_real/lib:/home/sriramk/unitree_ws/install/go1_tools_low/lib:/home/sriramk/unitree_ws/install/go1_tools_high/lib:/home/sriramk/Quadruped-PyMPC/ros2/msgs_ws/install/dls2_interface/lib:/home/sriramk/UFactory-850/install/xarm_planner/lib:/home/sriramk/UFactory-850/install/xarm_moveit_servo/lib:/home/sriramk/UFactory-850/install/xarm_gazebo/lib:/home/sriramk/UFactory-850/install/xarm_controller/lib:/home/sriramk/UFactory-850/install/xarm_api/lib:/home/sriramk/UFactory-850/install/xarm_sdk/lib:/home/sriramk/UFactory-850/install/xarm_msgs/lib:/home/sriramk/UFactory-850/install/realsense_gazebo_plugin/lib:/usr/lib/x86_64-linux-gnu/gazebo-11/plugins:/opt/ros/humble/opt/rviz_ogre_vendor/lib:/opt/ros/humble/lib/x86_64-linux-gnu:/opt/ros/humble/lib:/home/sriramk/Quadruped-PyMPC/quadruped_pympc/acados/lib /opt/cmake-3.28.3-linux-x86_64/bin/cmake --install /home/sriramk/unitree_ws/build/unitree_legged_real
[15.505s] Level 1:colcon.colcon_core.environment:create_environment_scripts_only(unitree_legged_real)
[15.506s] Level 1:colcon.colcon_core.environment:checking '/home/sriramk/unitree_ws/install/unitree_legged_real' for CMake module files
[15.506s] DEBUG:colcon.colcon_core.event_handler.log_command:Invoked command in '/home/sriramk/unitree_ws/build/unitree_legged_real' returned '0': CMAKE_PREFIX_PATH=/home/sriramk/unitree_ws/install/ros2_unitree_legged_msgs:/home/sriramk/unitree_ws/install/unitree_legged_real:/home/sriramk/unitree_ws/install/go1_tools_low:/home/sriramk/unitree_ws/install/go1_tools_high:/home/sriramk/unitree_ws/install/go1_description:/home/sriramk/Quadruped-PyMPC/ros2/msgs_ws/install/dls2_interface:/home/sriramk/UFactory-850/install/xarm_planner:/home/sriramk/UFactory-850/install/xarm_moveit_servo:/home/sriramk/UFactory-850/install/xarm_moveit_config:/home/sriramk/UFactory-850/install/xarm_gazebo:/home/sriramk/UFactory-850/install/xarm_controller:/home/sriramk/UFactory-850/install/d435i_xarm_setup:/home/sriramk/UFactory-850/install/xarm_api:/home/sriramk/UFactory-850/install/xarm_sdk:/home/sriramk/UFactory-850/install/xarm_msgs:/home/sriramk/UFactory-850/install/xarm_description:/home/sriramk/UFactory-850/install/realsense_gazebo_plugin:/home/sriramk/UFactory-850/install/mbot_demo:/home/sriramk/UFactory-850/install/uf_ros_lib:/opt/ros/humble LD_LIBRARY_PATH=/home/sriramk/unitree_ws/install/ros2_unitree_legged_msgs/lib:/home/sriramk/unitree_ws/install/unitree_legged_real/lib:/home/sriramk/unitree_ws/install/go1_tools_low/lib:/home/sriramk/unitree_ws/install/go1_tools_high/lib:/home/sriramk/Quadruped-PyMPC/ros2/msgs_ws/install/dls2_interface/lib:/home/sriramk/UFactory-850/install/xarm_planner/lib:/home/sriramk/UFactory-850/install/xarm_moveit_servo/lib:/home/sriramk/UFactory-850/install/xarm_gazebo/lib:/home/sriramk/UFactory-850/install/xarm_controller/lib:/home/sriramk/UFactory-850/install/xarm_api/lib:/home/sriramk/UFactory-850/install/xarm_sdk/lib:/home/sriramk/UFactory-850/install/xarm_msgs/lib:/home/sriramk/UFactory-850/install/realsense_gazebo_plugin/lib:/usr/lib/x86_64-linux-gnu/gazebo-11/plugins:/opt/ros/humble/opt/rviz_ogre_vendor/lib:/opt/ros/humble/lib/x86_64-linux-gnu:/opt/ros/humble/lib:/home/sriramk/Quadruped-PyMPC/quadruped_pympc/acados/lib /opt/cmake-3.28.3-linux-x86_64/bin/cmake --install /home/sriramk/unitree_ws/build/unitree_legged_real
[15.506s] Level 1:colcon.colcon_core.environment:checking '/home/sriramk/unitree_ws/install/unitree_legged_real' for CMake config files
[15.507s] Level 1:colcon.colcon_core.shell:create_environment_hook('unitree_legged_real', 'cmake_prefix_path')
[15.507s] INFO:colcon.colcon_core.shell:Creating environment hook '/home/sriramk/unitree_ws/install/unitree_legged_real/share/unitree_legged_real/hook/cmake_prefix_path.ps1'
[15.507s] INFO:colcon.colcon_core.shell:Creating environment descriptor '/home/sriramk/unitree_ws/install/unitree_legged_real/share/unitree_legged_real/hook/cmake_prefix_path.dsv'
[15.508s] INFO:colcon.colcon_core.shell:Creating environment hook '/home/sriramk/unitree_ws/install/unitree_legged_real/share/unitree_legged_real/hook/cmake_prefix_path.sh'
[15.508s] Level 1:colcon.colcon_core.environment:checking '/home/sriramk/unitree_ws/install/unitree_legged_real/lib'
[15.508s] Level 1:colcon.colcon_core.shell:create_environment_hook('unitree_legged_real', 'ld_library_path_lib')
[15.508s] INFO:colcon.colcon_core.shell:Creating environment hook '/home/sriramk/unitree_ws/install/unitree_legged_real/share/unitree_legged_real/hook/ld_library_path_lib.ps1'
[15.509s] INFO:colcon.colcon_core.shell:Creating environment descriptor '/home/sriramk/unitree_ws/install/unitree_legged_real/share/unitree_legged_real/hook/ld_library_path_lib.dsv'
[15.509s] INFO:colcon.colcon_core.shell:Creating environment hook '/home/sriramk/unitree_ws/install/unitree_legged_real/share/unitree_legged_real/hook/ld_library_path_lib.sh'
[15.509s] Level 1:colcon.colcon_core.environment:checking '/home/sriramk/unitree_ws/install/unitree_legged_real/bin'
[15.509s] Level 1:colcon.colcon_core.environment:checking '/home/sriramk/unitree_ws/install/unitree_legged_real/lib/pkgconfig/unitree_legged_real.pc'
[15.509s] Level 1:colcon.colcon_core.environment:checking '/home/sriramk/unitree_ws/install/unitree_legged_real/lib/python3.10/site-packages'
[15.509s] Level 1:colcon.colcon_core.environment:checking '/home/sriramk/unitree_ws/install/unitree_legged_real/bin'
[15.510s] INFO:colcon.colcon_core.shell:Creating package script '/home/sriramk/unitree_ws/install/unitree_legged_real/share/unitree_legged_real/package.ps1'
[15.510s] INFO:colcon.colcon_core.shell:Creating package descriptor '/home/sriramk/unitree_ws/install/unitree_legged_real/share/unitree_legged_real/package.dsv'
[15.510s] INFO:colcon.colcon_core.shell:Creating package script '/home/sriramk/unitree_ws/install/unitree_legged_real/share/unitree_legged_real/package.sh'
[15.510s] INFO:colcon.colcon_core.shell:Creating package script '/home/sriramk/unitree_ws/install/unitree_legged_real/share/unitree_legged_real/package.bash'
[15.510s] INFO:colcon.colcon_core.shell:Creating package script '/home/sriramk/unitree_ws/install/unitree_legged_real/share/unitree_legged_real/package.zsh'
[15.510s] Level 1:colcon.colcon_core.environment:create_file_with_runtime_dependencies(/home/sriramk/unitree_ws/install/unitree_legged_real/share/colcon-core/packages/unitree_legged_real)
[15.511s] Level 1:colcon.colcon_core.environment:create_environment_scripts_only(unitree_legged_real)
[15.511s] Level 1:colcon.colcon_core.environment:checking '/home/sriramk/unitree_ws/install/unitree_legged_real' for CMake module files
[15.511s] Level 1:colcon.colcon_core.environment:checking '/home/sriramk/unitree_ws/install/unitree_legged_real' for CMake config files
[15.511s] Level 1:colcon.colcon_core.shell:create_environment_hook('unitree_legged_real', 'cmake_prefix_path')
[15.511s] INFO:colcon.colcon_core.shell:Creating environment hook '/home/sriramk/unitree_ws/install/unitree_legged_real/share/unitree_legged_real/hook/cmake_prefix_path.ps1'
[15.511s] INFO:colcon.colcon_core.shell:Creating environment descriptor '/home/sriramk/unitree_ws/install/unitree_legged_real/share/unitree_legged_real/hook/cmake_prefix_path.dsv'
[15.512s] INFO:colcon.colcon_core.shell:Creating environment hook '/home/sriramk/unitree_ws/install/unitree_legged_real/share/unitree_legged_real/hook/cmake_prefix_path.sh'
[15.512s] Level 1:colcon.colcon_core.environment:checking '/home/sriramk/unitree_ws/install/unitree_legged_real/lib'
[15.512s] Level 1:colcon.colcon_core.shell:create_environment_hook('unitree_legged_real', 'ld_library_path_lib')
[15.512s] INFO:colcon.colcon_core.shell:Creating environment hook '/home/sriramk/unitree_ws/install/unitree_legged_real/share/unitree_legged_real/hook/ld_library_path_lib.ps1'
[15.512s] INFO:colcon.colcon_core.shell:Creating environment descriptor '/home/sriramk/unitree_ws/install/unitree_legged_real/share/unitree_legged_real/hook/ld_library_path_lib.dsv'
[15.512s] INFO:colcon.colcon_core.shell:Creating environment hook '/home/sriramk/unitree_ws/install/unitree_legged_real/share/unitree_legged_real/hook/ld_library_path_lib.sh'
[15.512s] Level 1:colcon.colcon_core.environment:checking '/home/sriramk/unitree_ws/install/unitree_legged_real/bin'
[15.512s] Level 1:colcon.colcon_core.environment:checking '/home/sriramk/unitree_ws/install/unitree_legged_real/lib/pkgconfig/unitree_legged_real.pc'
[15.513s] Level 1:colcon.colcon_core.environment:checking '/home/sriramk/unitree_ws/install/unitree_legged_real/lib/python3.10/site-packages'
[15.513s] Level 1:colcon.colcon_core.environment:checking '/home/sriramk/unitree_ws/install/unitree_legged_real/bin'
[15.513s] INFO:colcon.colcon_core.shell:Creating package script '/home/sriramk/unitree_ws/install/unitree_legged_real/share/unitree_legged_real/package.ps1'
[15.513s] INFO:colcon.colcon_core.shell:Creating package descriptor '/home/sriramk/unitree_ws/install/unitree_legged_real/share/unitree_legged_real/package.dsv'
[15.513s] INFO:colcon.colcon_core.shell:Creating package script '/home/sriramk/unitree_ws/install/unitree_legged_real/share/unitree_legged_real/package.sh'
[15.513s] INFO:colcon.colcon_core.shell:Creating package script '/home/sriramk/unitree_ws/install/unitree_legged_real/share/unitree_legged_real/package.bash'
[15.514s] INFO:colcon.colcon_core.shell:Creating package script '/home/sriramk/unitree_ws/install/unitree_legged_real/share/unitree_legged_real/package.zsh'
[15.514s] Level 1:colcon.colcon_core.environment:create_file_with_runtime_dependencies(/home/sriramk/unitree_ws/install/unitree_legged_real/share/colcon-core/packages/unitree_legged_real)
[15.514s] DEBUG:colcon.colcon_parallel_executor.executor.parallel:closing loop
[15.514s] DEBUG:colcon.colcon_parallel_executor.executor.parallel:loop closed
[15.514s] DEBUG:colcon.colcon_parallel_executor.executor.parallel:run_until_complete finished with '0'
[15.514s] DEBUG:colcon.colcon_core.event_reactor:joining thread
[15.517s] INFO:colcon.colcon_core.plugin_system:Skipping extension 'colcon_notification.desktop_notification.terminal_notifier': Not used on non-Darwin systems
[15.517s] INFO:colcon.colcon_core.plugin_system:Skipping extension 'colcon_notification.desktop_notification.win32': Not used on non-Windows systems
[15.517s] INFO:colcon.colcon_notification.desktop_notification:Sending desktop notification using 'notify2'
[15.522s] DEBUG:colcon.colcon_core.event_reactor:joined thread
[15.522s] INFO:colcon.colcon_core.shell:Creating prefix script '/home/sriramk/unitree_ws/install/local_setup.ps1'
[15.523s] INFO:colcon.colcon_core.shell:Creating prefix util module '/home/sriramk/unitree_ws/install/_local_setup_util_ps1.py'
[15.524s] INFO:colcon.colcon_core.shell:Creating prefix chain script '/home/sriramk/unitree_ws/install/setup.ps1'
[15.524s] INFO:colcon.colcon_core.shell:Creating prefix script '/home/sriramk/unitree_ws/install/local_setup.sh'
[15.525s] INFO:colcon.colcon_core.shell:Creating prefix util module '/home/sriramk/unitree_ws/install/_local_setup_util_sh.py'
[15.525s] INFO:colcon.colcon_core.shell:Creating prefix chain script '/home/sriramk/unitree_ws/install/setup.sh'
[15.526s] INFO:colcon.colcon_core.shell:Creating prefix script '/home/sriramk/unitree_ws/install/local_setup.bash'
[15.526s] INFO:colcon.colcon_core.shell:Creating prefix chain script '/home/sriramk/unitree_ws/install/setup.bash'
[15.526s] INFO:colcon.colcon_core.shell:Creating prefix script '/home/sriramk/unitree_ws/install/local_setup.zsh'
[15.527s] INFO:colcon.colcon_core.shell:Creating prefix chain script '/home/sriramk/unitree_ws/install/setup.zsh'
